"","RM","LSTAT","RAD","CRIM","PTRATIO","DIS","ZN","NOX","CHAS","B","TAX","INDUS","AGE","MEDV"
"3",6.44901210571126,2.12859247375777,4,-0.288502439380723,0.208047456819822,6.0622,0,0.458,0,394.63,222,2.18,45.8,33.4
"12",6.52947514927484,2.65964283116904,1,-1.01469854403422,-0.0157493980719203,5.4509,12.5,0.524,0,390.5,311,7.87,39,21.7
"19",5.70818954327321,4.95697341093735,12,0.969298089734653,0.164582242897447,3.7965,0,0.538,0,390.95,307,8.14,69.5,18.2
"37",5.75645773126842,2.99699127047111,3,-1.01164961231582,-0.528527876973349,3.9342,0,0.499,0,396.9,279,5.96,41.5,21
"74",6.07979134078744,2.59979730088512,10,-0.102897835179388,0.00994508580433957,4.2515,0,0.437,0,394.92,398,12.83,6,24.1
"79",6.04702274679232,2.68801329338305,4,-0.688557276506012,-0.405622376203565,4.5026,0,0.437,0,396.06,398,12.83,36.6,20.3
"86",6.45214342000351,3.27230420795935,2,-1.08321994727445,-0.130485774044922,4.4272,0,0.449,0,395.99,247,4.49,45.1,22.5
"88",5.85205676435998,4.21990588037819,12,0.788534909056998,0.265975673847658,3.4217,0,0.489,0,396.9,270,3.41,86.3,23.6
"89",7.15137231123376,3.20022426976453,12,-0.256373582889519,-0.779368301997292,3.4145,0,0.489,0,396.06,270,3.41,63.1,28.7
"91",6.34353293292829,2.94789791376668,5,0.0585145203136954,-0.561113743085875,3.0921,0,0.489,0,393.55,270,3.41,73.9,22
"95",6.39993506801173,3.67163923596626,8,-0.461435462502194,-1.60817890823999,3.4952,0,0.445,0,357.98,276,2.89,57.8,28.4
"101",5.75996525478144,3.14196788234503,8,0.511274479070522,0.178292158844288,2.8561,0,0.52,0,395.58,384,8.56,71.3,26.5
"106",6.2128480473783,3.11782111241986,4,-0.121521926972707,0.344249930720842,2.211,0,0.52,0,395.67,384,8.56,91.9,19.5
"110",6.30453908656048,3.54990773326749,9,0.661357582468625,-1.20352740317921,2.7778,0,0.52,0,393.49,384,8.56,54.4,21.7
"123",5.1591323510898,4.91270920442017,1,-0.571583921259718,0.830446875844427,1.9444,0,0.581,0,370.31,188,25.65,97,17.3
"125",5.91157355063438,4.39803987443468,1,-0.956418371232716,-0.576749642605468,1.9929,0,0.581,0,385.02,188,25.65,88.4,21.4
"134",5.41131144960367,4.18458807505801,11,0.849358527238758,-0.0713893601181958,2.346,0,0.624,0,262.76,437,21.89,98.4,15.6
"143",5.59587153409217,5.47475084248456,17,1.71193882871315,0.639660732902146,1.4118,0,0.871,0,396.9,403,19.58,100,15.6
"144",5.0614043990818,5.5292417614789,15,1.17386509730644,-0.488112197698845,1.3459,0,0.871,0,396.9,403,19.58,97.8,11.8
"147",5.93280883009988,4.10102365695937,10,1.15591594858327,0.068798415236812,1.4608,0,0.871,0,391.71,403,19.58,95.7,14.6
"149",6.03582861247648,4.63448508873054,16,0.779689458126924,-0.0818066809510135,1.5257,0,0.871,0,351.85,403,19.58,94.9,15.4
"150",6.6074813508748,3.22190862663692,5,0.243029871180445,-0.832592999834316,1.618,0,0.871,0,372.8,403,19.58,97.3,21.5
"151",6.52848185893721,3.62721951710526,13,0.550171782264229,-1.18059958952279,1.5916,0,0.871,0,341.6,403,19.58,100,19.6
"153",6.39085053486828,4.08896967108099,11,1.24083425771944,-0.376485590851261,1.6232,0,0.871,0,261.95,403,19.58,98.5,19.4
"156",6.28137314226233,4.51027412187551,17,1.35355061790489,0.657716942317254,1.7364,0,0.871,0,88.63,403,19.58,94,13.1
"158",6.54243095266903,2.96727908678396,11,-0.00283429181566509,0.745612502260037,1.7573,0,0.605,0,353.89,403,19.58,100,24.3
"159",6.65201504590837,3.55959459186031,7,0.454884166204014,-0.0223752468595759,1.7659,0,0.871,0,364.31,403,19.58,100,23.3
"161",8.17305695734595,1.26562303120881,12,-0.0523466126807104,-2.24933829663583,1.9709,0,0.605,0,374.43,403,19.58,90.8,50
"167",6.29730385051363,3.85276579905942,11,-0.154208278665913,-0.0111984269799729,2.4259,0,0.605,0,227.61,403,19.58,79.2,23.8
"168",6.62371747888673,3.82570815143157,9,0.765809500260129,0.218611141081156,2.1,0,0.605,0,297.09,403,19.58,96.1,23.8
"170",5.62455738321734,4.59881305426632,7,0.85499811160021,0.332926236794273,2.4259,0,0.605,0,292.29,403,19.58,94.6,17.4
"171",6.03751146826095,4.24919215474144,11,0.989392408150889,1.75280351525205,2.3887,0,0.605,0,348.13,403,19.58,97.3,19.1
"173",6.63006730153692,3.00216329072825,4,0.169968154668649,0.660859634939711,2.6463,0,0.51,0,395.5,296,4.05,84.1,23.6
"175",5.98812890064365,3.06821170722379,6,-0.909477806827186,-1.64361919443346,3.1323,0,0.51,0,390.96,296,4.05,33.1,29.4
"177",7.07319310587713,3.41843546643317,2,-0.681832208353868,-1.2305413223687,3.3175,0,0.51,0,395.6,296,4.05,73.4,24.6
"178",6.87525442608911,3.04275162408445,2,-0.816399994615085,-1.32459866960065,2.9153,0,0.51,0,391.27,296,4.05,74.4,29.9
"179",6.73409260286326,3.00771994455767,1,-1.33146796565991,-1.00535392546446,2.829,0,0.488,0,396.9,193,2.46,58.4,37.2
"180",6.99700462316009,3.15849114351293,8,0.304246971986986,-2.07759584821322,2.741,0,0.488,0,395.56,193,2.46,83.3,39.8
"182",7.77290656812286,2.19822066267947,1,0.154294133915521,-1.61743887996386,2.7006,0,0.488,0,394.12,193,2.46,92.2,37.9
"183",7.31970855418352,1.97614630174754,1,-0.363311679988587,0.504402653195403,2.847,0,0.488,0,396.9,193,2.46,95.6,32.5
"184",6.24116060055407,2.9609837975856,1,-0.471743009888007,-0.430836204047567,2.9879,0,0.488,0,391,193,2.46,89.8,26.4
"186",8.31787006253062,0.740339036991069,4,-0.0718588592271927,-1.62462871166618,3.1992,0,0.488,0,392.63,193,2.46,53.6,50
"206",5.75208447507145,3.08450539543831,7,-0.18714367340228,-0.651910259277438,4.3549,0,0.489,0,394.87,277,10.59,52.5,24.4
"219",5.64849973895486,3.93233513764386,2,0.216932619802718,0.449901095490912,3.3633,0,0.55,1,393.74,276,13.89,92.4,23
"221",5.64820588061498,3.20715831556137,6,-0.382346485093201,-1.06925171859965,3.048,0,0.507,1,395.24,307,6.2,91.3,21.7
"227",6.76799420948283,3.00126998211334,1,-0.464414196792231,-0.556879065223581,3.2157,0,0.504,0,372.08,307,6.2,79.9,31.6
"228",7.73634748052961,1.65831886247622,9,-0.649888494533955,-0.561330266344271,3.3751,0,0.504,0,377.51,307,6.2,17,46.7
"229",6.59191060660726,2.84374615448788,3,-0.0504705454812714,-1.21342920611162,3.3751,0,0.504,0,380.34,307,6.2,21.4,31.5
"231",6.95136800793214,2.10511294695014,5,-0.67966618188846,-1.34633859998713,3.6715,0,0.504,0,376.14,307,6.2,76.9,31.7
"261",7.26028419185219,2.35441545996716,7,0.209878067957712,-1.71726753244392,2.1398,20,0.647,0,388.37,264,3.97,89.4,43.1
"262",7.93878048909563,2.0757895245293,4,0.440437708000747,-0.708640298239038,2.2885,20,0.647,0,386.86,264,3.97,91.5,48.8
"268",7.4067474664764,1.89852088312355,6,0.00303959112143254,-1.72582133974763,2.872,20,0.575,0,390.3,264,3.97,52.6,43.5
"296",6.4540717779573,2.80550143935415,1,-0.804374054611751,1.16228229953619,5.9604,0,0.437,0,392.85,289,13.92,51,27.1
"297",5.904497301653,4.17324767064239,9,0.0882701796791409,0.352526596822689,6.32,0,0.437,0,396.9,289,13.92,58,20.3
"305",6.56202881811805,3.36652477295107,1,-0.947742353294936,0.453973090152248,3.37,33,0.472,0,393.36,222,2.18,58.1,28.4
"311",6.841520029317,2.91178827577783,13,-0.122660711233116,0.104788987819315,2.6403,0,0.544,0,396.9,304,9.9,52.8,22.1
"312",5.91372060667773,4.36695329721107,11,-0.251010222093909,-0.799957300358878,2.834,0,0.544,0,396.3,304,9.9,90.4,19.4
"322",5.81959264492801,3.17114432692415,11,-0.260119438747936,0.534550797493041,4.7211,0,0.493,0,396.9,287,7.38,49.9,20.4
"324",6.45965686012868,2.18313275832603,3,-0.322233800347182,0.17276735454552,4.7211,0,0.493,0,396.9,287,7.38,40.1,25
"325",6.09095306651309,2.91971017310577,6,-0.842722758142372,-1.03561541189808,5.4159,0,0.493,0,393.68,287,7.38,14.7,24.6
"327",5.67094604454607,3.9308064801908,5,0.0566624707956707,0.242509134920953,5.4159,0,0.493,0,396.9,287,7.38,43.7,22.2
"330",5.62407543526786,3.34907738485501,14,0.0594399327280773,1.26516439285524,5.8736,0,0.46,0,368.57,430,3.24,32.2,19.8
"334",6.2874735597328,3.02816202027488,4,-0.506821177869413,0.594358912590524,6.4584,0,0.515,0,389.4,224,5.19,38.5,20.7
"336",5.85277714172903,3.34361241681943,5,-0.317087365209837,0.155271323491218,5.2311,0,0.515,0,396.9,224,5.19,46.3,19.5
"337",6.26159540056551,3.75391254906607,1,0.192201191182999,-0.837774294310169,5.615,0,0.515,0,394.81,224,5.19,59.6,18.5
"340",5.72379230135239,3.69272060644728,1,-0.477991229092157,0.792562843757132,4.8122,0,0.515,0,396.9,224,5.19,58.5,18.7
"367",6.06360012478792,4.43600714073411,21,2.17273697870523,0.376724826950645,1.5106,0,0.631,0,131.42,666,18.1,100,23.1
"372",7.98188810475761,1.85047395460903,22,1.14343715443282,-1.13564687048838,1.1296,0,0.668,1,347.88,666,18.1,89.6,50
"380",5.30759013819209,3.65389993120978,19,0.263939243712934,-0.403661208318886,1.4165,0,0.671,0,396.9,666,18.1,91.9,10.4
"412",6.43153790272498,3.77621615543946,20,1.27956566386906,-0.345894913955341,1.5539,0,0.597,0,28.79,666,18.1,100,17.9
"426",6.02523247562953,3.99812892025955,24,1.6758207189749,1.41788921379483,1.9976,0,0.584,0,24.65,666,18.1,59.7,10.2
"427",5.7821265356076,3.69949974361867,20,0.615191256230865,0.461883328660777,1.8629,0,0.679,0,18.82,666,18.1,78.7,10.9
"437",6.04453790595643,4.21605274253873,24,1.79077066036681,0.155251143999316,1.9142,0,0.74,0,9.32,666,18.1,100,8.7
"447",6.23232762106229,4.31827070337335,24,1.24478136423088,1.03241910234228,2.198,0,0.74,0,388.52,666,18.1,96.6,12.6
"497",5.94157822587961,3.31679382979833,14,0.373352635700974,0.244807680454165,2.8927,0,0.585,0,396.9,391,9.69,70.6,18.3
"498",6.22868577991739,2.8797877594575,12,0.455251521014481,0.43940508171862,2.4091,0,0.585,0,396.9,391,9.69,65.3,21.2
"500",5.95198015652822,3.75384296741011,3,-0.370271995164191,-0.143785354779313,2.4982,0,0.585,0,396.9,391,9.69,79.7,16.8
"501",6.18638236486281,3.65945734998256,1,-0.262715732277264,0.950879813174962,2.4786,0,0.573,0,391.99,273,11.93,69.1,22.4
"505",4.8367658865342,4.2997276549716,1,-0.360304924645947,-1.2931902449911,2.505,0,0.573,0,396.9,273,11.93,80.8,11.9
"260",7.26906932775825,2.78083268281301,6,-0.376513589358631,-1.88714317572526,2.1121,20,0.647,0,392.8,264,3.97,81.8,33.8
"266",7.0675613358282,3.43285158185402,6,0.575677740394402,-1.88714317572526,2.1329,20,0.647,0,384.07,264,3.97,84.6,30.7
"152",5.61189350898239,5.06980630156465,21,1.90101294017876,-1.54701457236491,1.6102,0,0.871,1,343.28,403,19.58,88,15.3
"154",5.55547099463536,4.98322970779301,20,1.29598656221016,-1.54701457236491,1.7494,0,0.871,1,321.02,403,19.58,96,17
"160",6.34241001974588,3.55881680553602,4,-0.204250068506467,-1.54701457236491,1.7984,0,0.605,1,338.92,403,19.58,92.6,27
"163",8.02341458927285,2.44898331878127,14,0.894130028176242,-1.54701457236491,2.162,0,0.605,1,388.45,403,19.58,93.9,50
"279",6.57869481634911,1.8256945581824,1,-1.47389366791965,-1.4986288445605,4.1007,20,0.4429,0,396.9,216,3.33,32.2,35.1
"223",6.9659097059949,3.32309298138682,6,-0.0552647873078922,-0.695829524768667,3.2721,0,0.507,0,396.9,307,6.2,80.8,30.1
"232",7.31966779134532,1.60600635203562,6,-0.284288266016515,-0.695829524768667,3.8384,0,0.507,0,385.91,307,6.2,73.3,41.7
"233",7.91774248946898,1.91908901674619,9,0.438965550085304,-0.695829524768667,3.6519,0,0.507,0,378.95,307,6.2,70.4,48.3
"234",6.65165073497537,2.50157645709721,7,0.184454223220437,-0.695829524768667,3.6519,0,0.507,1,360.2,307,6.2,66.5,29
"237",6.90714037609852,2.73278212596906,7,-0.110513612696256,-0.695829524768667,4.148,0,0.507,0,390.07,307,6.2,71.6,31.5
"96",5.80697676444073,3.53921587133336,1,-0.615897388724261,-0.435595771986813,3.4952,0,0.445,0,391.83,276,2.89,69.6,21.4
"97",7.10268645605001,2.6702263264327,7,0.0266125036416138,-0.435595771986813,3.4952,0,0.445,0,396.9,276,2.89,76,38.7
"98",7.64718292185409,1.20215084169552,2,-0.911106819816698,-0.435595771986813,3.4952,0,0.445,0,393.53,276,2.89,36.9,43.8
"85",6.86684907106791,2.43583031197282,1,-0.83789176790105,-0.193693261025715,4.4377,0,0.449,0,392.3,247,4.49,56.1,26.6
"208",6.01871226132664,2.89716699035938,7,-0.163403575525551,-0.142360813351939,4.2392,0,0.489,1,381.32,277,10.59,59.1,24.4
"270",6.20025682942188,3.45744744415042,1,-1.27550157032968,-0.142360813351939,4.429,20,0.464,0,388.65,223,6.96,42.1,21.1
"67",6.6358161652919,3.07951229085292,4,-1.14313113416938,0.0178965792890688,6.498,12.5,0.409,0,396.21,345,6.07,21.4,22
"321",6.20666262439285,2.97205471107336,2,-1.5438815445549,0.431102979977672,4.5404,0,0.493,0,396.9,287,7.38,54.3,23.1
"489",5.36636862765227,4.43788023384461,15,0.72850680709855,0.763410225319547,1.7554,0,0.609,0,344.05,711,27.74,98.3,7
"357",6.5155612915668,3.79215380432305,24,1.00095077056849,0.833916637360556,2.5052,0,0.77,1,391.34,666,18.1,91,21.7
"366",6.5045957942892,2.74260531204271,24,1.62295277535294,0.833916637360556,1.7523,0,0.718,0,316.03,666,18.1,91.4,21.9
"368",7.83219952809035,2.26672552160779,23,1.6571140462007,0.833916637360556,1.3325,0,0.631,0,375.52,666,18.1,100,50
"432",5.72228936496221,3.54006557849443,16,0.954762980673386,0.833916637360556,2.2004,0,0.584,0,97.95,666,18.1,74.8,16.1
"449",5.94759891037103,3.73061908791429,24,1.59685877280646,0.833916637360556,2.185,0,0.713,0,304.21,666,18.1,98.3,13
"14",6.33239140415444,3.63129635754115,11,0.039634910965899,1.45124616523898,4.4619,0,0.538,0,380.02,307,8.14,84.5,18.2
"18",5.34331513983711,3.18763037888985,3,-0.604975802053328,1.45124616523898,3.7965,0,0.538,0,288.99,307,8.14,36.6,20.2
"26",6.1019739053482,4.64536165333427,9,0.599140448638063,1.45124616523898,4.682,0,0.538,0,376.88,307,8.14,90.3,16.6
"121",6.00966106650791,3.54575748134565,1,-0.862334898869117,0.130160746119299,2.1974,0,0.581,0,377.67,188,25.65,84.1,20.3
"174",6.59994919137759,3.06153718561847,1,-0.776798108927056,-0.997706535589136,2.7019,0,0.51,0,393.23,296,4.05,68.7,22.6
"114",6.0679119428649,3.52806351977487,3,-0.510303915858043,-0.525818250464659,2.2565,0,0.547,0,388.74,432,10.01,84.2,18.5
"119",6.06817448929408,3.83523384065179,9,-0.501701934661376,-0.525818250464659,2.7592,0,0.547,0,391.5,432,10.01,65.2,19.3
"490",5.92182503334841,3.36212800759273,11,-0.322137746287165,0.763410225319547,1.8226,0,0.609,0,318.43,711,27.74,98,8.1
"317",6.00690247791564,4.55846895555019,4,-0.239870958239417,-0.24401601094397,4.0317,0,0.544,0,396.9,304,9.9,71.7,19.8
"315",5.55924578744527,4.34703361163294,1,-0.22350709134711,-0.24401601094397,3.945,0,0.544,0,396.42,304,9.9,77.7,16.2
"127",6.35483604887759,3.97138182948356,3,-0.212853793637417,1.62150192036674,1.7883,0,0.624,0,392.11,437,21.89,96,16.2
"136",5.68929320823156,4.40254673482208,14,-0.106515801661242,1.62150192036674,1.9669,0,0.624,0,378.25,437,21.89,93.5,17.4
"133",5.9466629755577,3.6654727498967,7,-0.095907173904429,1.62150192036674,2.4699,0,0.624,0,388.69,437,21.89,95.4,18.4
"220",6.33206757257533,3.61561130503305,3,-0.0563865376794702,-0.695829524768667,2.8617,0,0.507,1,391.7,307,6.2,88.5,26.7
"211",5.76803950265281,3.70709099091767,3,-0.0332999676439515,-0.142360813351939,3.665,0,0.489,1,395.24,277,10.59,88.6,19.3
"308",6.08668661988015,4.27405263313973,2,0.0954761316852015,-0.24401601094397,3.3175,0,0.544,0,396.9,304,9.9,82.5,22.8
"265",5.80308120597723,3.7047325300666,9,0.297546362367423,-1.88714317572526,1.9865,20,0.647,0,392.4,264,3.97,62.8,22.8
"157",7.71410521380062,3.64692879908388,13,0.511739418050659,-1.54701457236491,1.8773,0,0.605,0,363.43,403,19.58,97.4,41.3
"34",6.18449978064128,4.27606711149414,8,0.633621456384801,1.45124616523898,3.7598,0,0.538,0,248.31,307,8.14,96.9,13.5
"146",6.95873700834139,3.42250581814681,20,0.759242712580241,-1.54701457236491,1.5166,0,0.871,0,169.27,403,19.58,100,15.6
"148",6.403228982105,3.47589860054472,12,0.792863414071633,-1.54701457236491,1.5296,0,0.871,0,356.99,403,19.58,93.8,17.8
"145",6.37391889215314,4.24215669268696,19,0.801631159691638,-1.54701457236491,1.4191,0,0.871,0,172.91,403,19.58,100,13.8
"169",6.19845334083976,4.24172600221635,15,0.814027997273468,-1.54701457236491,2.2625,0,0.605,0,330.04,403,19.58,95.2,22.3
"165",5.9934064624422,3.48158071965647,13,0.889041067586749,-1.54701457236491,2.2834,0,0.605,0,240.16,403,19.58,93,25
"142",5.59376548150103,5.32367054642395,16,0.942480786443448,-1.54701457236491,1.3216,0,0.871,1,396.9,403,19.58,100,13.4
"155",5.92460854694801,4.43688628619377,16,0.968533913019857,-1.54701457236491,1.7455,0,0.871,1,88.01,403,19.58,82.6,15.6
"461",5.72058044042596,3.73693276297153,22,0.986733084000734,0.833916637360556,2.5671,0,0.713,0,391.43,666,18.1,88.4,17.7
"470",5.27052941978215,4.39419774488307,21,1.05429836981599,0.833916637360556,3.0334,0,0.58,0,396.9,666,18.1,84,19.9
"365",6.6463132393127,3.26834410445414,15,1.07341409398711,0.833916637360556,1.6132,0,0.718,0,354.7,666,18.1,87.9,27.5
"456",6.18084751858083,3.66176701500649,23,1.0834582885859,0.833916637360556,2.5806,0,0.713,0,10.48,666,18.1,87.9,12.7
"476",5.7446171706544,4.27758535631076,19,1.10084481200348,0.833916637360556,2.3053,0,0.614,0,396.21,666,18.1,93.6,16.7
"358",6.50864526712891,4.07057034116155,22,1.12762408855773,0.833916637360556,2.7227,0,0.77,1,395.43,666,18.1,83.4,22.7
"391",6.52940319916406,3.3581290629232,21,1.13470779086938,0.833916637360556,2.1678,0,0.7,0,378.38,666,18.1,82.5,23.2
"369",8.43548156918121,1.28699429317925,19,1.16265648347329,0.833916637360556,1.3567,0,0.631,1,375.33,666,18.1,96.8,50
"482",6.16666717835978,3.01991246127631,24,1.16700786012726,0.833916637360556,3.4106,0,0.532,0,395.28,666,18.1,77,25
"396",5.77801159160668,4.32600970603622,21,1.17684560946746,0.833916637360556,1.6768,0,0.693,0,396.9,666,18.1,96,12.5
"462",6.72368051899772,3.83046271509938,24,1.22735498195229,0.833916637360556,2.7344,0,0.713,0,396.9,666,18.1,83,19.5
"450",6.46175390357102,4.19638140323471,23,1.2311333393862,0.833916637360556,2.3236,0,0.713,0,0.32,666,18.1,92.6,13.4
"423",5.67221319483363,4.61601452227634,20,1.25055301381156,0.833916637360556,2.0218,0,0.614,0,2.52,666,18.1,85.1,13.4
"389",6.08147279906129,4.82640793344246,23,1.30861860311047,0.833916637360556,1.7281,0,0.7,0,396.9,666,18.1,98.9,11.5
"453",6.65169270940631,3.20607152456816,22,1.31330429179045,0.833916637360556,2.4527,0,0.713,0,375.87,666,18.1,99.3,17.8
"356",5.71172180879319,4.5005858604235,24,1.34727713931694,0.833916637360556,2.1222,0,0.77,1,377.73,666,18.1,97.4,17.8
"382",5.38897762856505,4.46814903861285,21,1.35620121079935,0.833916637360556,1.5804,0,0.7,0,396.9,666,18.1,100,11.3
"371",7.77918995227471,1.74683231759352,22,1.35815364331647,0.833916637360556,1.1691,0,0.631,0,366.15,666,18.1,100,50
"377",5.48939817041524,4.75249721421979,18,1.38277536154235,0.833916637360556,1.358,0,0.671,0,396.9,666,18.1,98.8,13.3
"478",5.65131926184471,4.9889769070892,24,1.39895175811503,0.833916637360556,2.1705,0,0.614,0,379.7,666,18.1,96.7,14.6
"445",6.43049297096866,3.63306797648683,24,1.41556333816962,0.833916637360556,1.9879,0,0.74,0,43.06,666,18.1,94.8,11.8
"416",5.70997089116356,4.99373595719321,17,1.42153440626727,0.833916637360556,1.8195,0,0.679,0,21.57,666,18.1,90.8,7.5
"373",5.59462691464013,4.97579220714308,24,1.43140057189027,0.833916637360556,1.1742,0,0.668,0,396.9,666,18.1,100,13.8
"479",6.16772380582016,3.79099271815592,24,1.53192093564319,0.833916637360556,1.9512,0,0.614,0,383.32,666,18.1,88,21.4
"436",5.69697100829485,5.03559694987485,24,1.5343070890303,0.833916637360556,2.0026,0,0.74,0,27.49,666,18.1,93.3,9.6
"379",5.56023171044448,4.40877088029593,16,1.61876675299813,0.833916637360556,1.3861,0,0.671,0,393.74,666,18.1,100,10.2
"403",5.13589597141693,5.57606441702453,21,1.74910839838682,0.833916637360556,1.7028,0,0.693,0,396.9,666,18.1,96,8.3
"413",5.46327113702505,4.63164796571456,24,1.80741741062625,0.833916637360556,1.5894,0,0.597,0,210.97,666,18.1,100,16.3
"404",5.17146015882789,4.66628109054602,24,1.96217243024037,0.833916637360556,1.6074,0,0.693,0,329.46,666,18.1,85.4,8.5
"405",5.37556757840494,5.55925472987499,24,2.19223333175465,0.833916637360556,1.4254,0,0.693,0,384.97,666,18.1,100,5
"418",6.53822396866884,3.93787511487394,24,2.23934996774825,0.833916637360556,1.8026,0,0.679,0,16.45,666,18.1,100,8.8
"503",6.4013313433569,3.32032559054722,1,-0.948686501067208,1.45124616523898,2.1675,0,0.573,0,396.9,273,11.93,91,23.9
"504",6.08638096636937,4.07717435478377,1,-0.642909385632915,1.45124616523898,2.3889,0,0.573,0,393.45,273,11.93,89.3,22
"5",6.79628559535074,2.39041131308013,3,-1.3285991640072,-0.0899986875399935,6.0622,0,0.458,0,394.12,222,2.18,58.7,28.7
"81",6.69517899941676,2.5437304898953,4,-1.11221292701079,0.073471767344769,5.4007,25,0.426,0,395.63,281,4.86,70.4,23.9
"53",6.05634462956398,2.72876339257438,4,-1.05366615223488,-0.926703754699467,6.8147,21,0.439,0,396.9,243,5.64,21.4,23.4
"52",6.38133032144703,2.62847036736284,4,-1.01481157836723,-0.926703754699467,6.8147,21,0.439,0,396.9,243,5.64,21.1,25
"492",5.96182433862299,3.9422308478302,4,-0.634909866974509,0.763410225319547,2.1099,0,0.609,0,396.9,711,27.74,83.5,20.1
"128",5.35261949740026,4.84512226814068,4,-0.102364150247121,1.62150192036674,1.8125,0,0.624,0,396.9,437,21.89,98.8,18
"137",5.78364009342314,3.8757201357602,4,-0.0641648317014494,1.62150192036674,1.8498,0,0.624,0,394.08,437,21.89,98.4,17.1
"314",6.12347538704096,3.58150097412745,4,-0.0417503931162395,-0.24401601094397,3.6023,0,0.544,0,395.69,304,9.9,87.3,23.8
"135",5.23258049096552,4.60625452984752,4,0.153383531835531,1.62150192036674,2.1107,0,0.624,0,394.67,437,21.89,98.2,18.1
"21",5.93832149519199,3.82322046574008,4,0.348802532757035,1.45124616523898,4.0123,0,0.538,0,392.53,307,8.14,89.2,19.6
"27",6.08306864550993,3.80034934416601,4,0.400924763079914,1.45124616523898,4.4534,0,0.538,0,306.38,307,8.14,88.8,14.8
"29",5.88263914603749,4.08281658006213,4,0.422450203982478,1.45124616523898,4.239,0,0.538,0,380.23,307,8.14,87.3,21
"16",5.22806311356533,3.21530362865578,4,0.444987504414276,1.45124616523898,4.4986,0,0.538,0,386.85,307,8.14,29.3,23.1
"22",5.65079901176826,4.51392576727893,4,0.514961178527527,1.45124616523898,3.9769,0,0.538,0,396.9,307,8.14,91.7,15.2
"75",5.38720079058941,3.57140270630753,5,-0.715518375305915,-0.0899986875399935,4.5026,0,0.437,0,383.23,398,12.83,45,21.4
"218",6.31360802171246,4.05453673355506,5,-0.637807772096303,-1.06591919064377,2.8893,0,0.55,1,396.9,276,13.89,93.8,21.5
"11",5.50775490057154,3.83644459692706,5,-0.607493757566169,-1.42225756521518,6.2267,12.5,0.524,0,396.9,311,7.87,82.9,18.9
"102",6.82886028158156,3.63814806750427,5,-0.273963555361654,1.368618600426,2.7147,0,0.52,0,70.8,384,8.56,85.4,18.6
"164",5.99579735752812,4.17160580827743,5,0.776277517255939,-1.54701457236491,2.422,0,0.605,0,395.11,403,19.58,91.8,22.7
"499",6.05311138766575,2.66189101772457,6,-0.398617088725536,0.187985637785564,2.3999,0,0.585,0,395.77,391,9.69,73.5,17.5
"483",6.05760341237114,3.30590177965167,24,0.873522118462933,0.833916637360556,4.0983,0,0.532,0,392.92,666,18.1,40.3,21.8
"465",5.38424399722853,3.54674898465915,24,0.922144908828823,0.833916637360556,3.0665,0,0.655,0,334.4,666,18.1,48.2,19.9
"364",6.68073453613836,3.40890289559824,24,0.961312698397989,0.833916637360556,1.9047,0,0.718,1,354.55,666,18.1,82.9,21.9
"485",6.14753626862456,2.90975492634859,24,0.984540295939018,0.833916637360556,3.9917,0,0.583,0,388.62,666,18.1,51.9,21.2
"361",6.12505879371119,3.84499436022459,24,1.00257563894808,0.833916637360556,2.2955,0,0.77,0,350.65,666,18.1,91.1,19.9
"363",6.09401789939123,4.11630483658253,24,1.04215131493884,0.833916637360556,1.9047,0,0.77,1,353.04,666,18.1,89,16.8
"359",6.40498930813825,3.1231870802628,24,1.04593205570304,0.833916637360556,2.5091,0,0.77,0,390.74,666,18.1,81.3,22.6
"360",6.61203111302454,3.37852012591828,24,1.07215547032633,0.833916637360556,2.5182,0,0.77,0,374.56,666,18.1,88,25
"473",6.17783388777231,3.89672757098837,24,1.0815276492846,0.833916637360556,2.5329,0,0.614,0,374.68,666,18.1,67.6,29.8
"460",6.39511963418853,3.69921052621985,24,1.09583725578577,0.833916637360556,2.5975,0,0.713,0,255.23,666,18.1,90,16.4
"487",5.32655981094516,4.64801534842569,24,1.0978334997499,0.833916637360556,3.1523,0,0.583,0,388.22,666,18.1,53.2,20.6
"452",6.06553917009601,3.40510813908387,24,1.118783357068,0.833916637360556,2.3682,0,0.713,0,385.09,666,18.1,91.8,16.1
"442",6.18394104235801,4.04653812017159,24,1.16239818470639,0.833916637360556,2.0048,0,0.74,0,395.69,666,18.1,100,18.4
"481",5.67770135094987,3.5130769115437,24,1.16537917921538,0.833916637360556,3.3317,0,0.532,0,393.07,666,18.1,74.9,23.7
"370",7.73305812072193,1.38972717315546,24,1.22026680805912,0.833916637360556,1.2024,0,0.631,1,392.05,666,18.1,97.5,50
"421",6.54811660626735,4.16301767378409,24,1.2489656791006,0.833916637360556,1.8746,0,0.718,0,319.98,666,18.1,95.3,14.2
"428",5.30725072746321,3.71314363400437,24,1.26816847460051,0.833916637360556,1.9356,0,0.679,0,96.73,666,18.1,78.1,11
"397",4.92587323811188,5.64235023793981,24,1.28439763532348,0.833916637360556,1.6334,0,0.693,0,393.1,666,18.1,98.9,8.5
"458",5.57877628390216,3.76944358690603,24,1.28855531848504,0.833916637360556,2.7831,0,0.713,0,272.21,666,18.1,83.7,14.9
"464",6.9231537895663,3.03851503595784,24,1.29301921203609,0.833916637360556,2.9634,0,0.655,0,396.9,666,18.1,65.4,21.4
"383",5.69212039523048,5.08606779019797,24,1.30074584166071,0.833916637360556,1.5331,0,0.7,0,396.9,666,18.1,100,12.3
"457",6.44528562756443,4.07196495553773,24,1.31100093462952,0.833916637360556,2.7792,0,0.713,0,3.5,666,18.1,80.3,13.5
"448",5.86368616182359,3.94777786177478,24,1.36229418288493,0.833916637360556,2.2616,0,0.713,0,396.9,666,18.1,98.7,14.1
"439",6.12669080470405,3.89894434313919,24,1.36490377735979,0.833916637360556,1.8172,0,0.74,0,396.9,666,18.1,93.9,12.8
"402",5.68933404331183,4.99089497890276,24,1.37347451519496,0.833916637360556,1.639,0,0.693,0,376.11,666,18.1,100,12.1
"441",5.8073375169781,3.73859002254052,24,1.37874788440396,0.833916637360556,2.0651,0,0.74,0,385.96,666,18.1,97.2,17.1
"399",5.15770364156076,5.15349525030657,24,1.38651151104938,0.833916637360556,1.5004,0,0.693,0,338.16,666,18.1,77.8,6.3
"443",5.73435249127091,3.76308213328464,24,1.38850362956805,0.833916637360556,1.9784,0,0.74,0,386.73,666,18.1,100,15.4
"420",5.77225209673312,4.16146698732384,24,1.43066367003374,0.833916637360556,1.8589,0,0.718,0,318.75,666,18.1,100,16.7
"435",6.20991973086154,3.88268084947419,24,1.43325617386191,0.833916637360556,2.1247,0,0.74,0,109.85,666,18.1,94.6,13.4
"392",5.58506001349314,5.46086128630525,24,1.44775841696885,0.833916637360556,1.77,0,0.7,0,396.9,666,18.1,97,9.7
"419",5.60392596811152,4.3931711387378,24,1.45566866235984,0.833916637360556,1.794,0,0.718,0,48.45,666,18.1,76.5,8.4
"407",7.29837832289699,3.31329604174019,24,1.46027777257684,0.833916637360556,1.2852,0,0.659,0,332.09,666,18.1,100,27.9
"394",5.62333259905416,3.5080720081417,24,1.5042038884825,0.833916637360556,1.7821,0,0.693,0,396.9,666,18.1,94.7,12.7
"438",6.1157370171098,4.7535531960842,24,1.51347987974105,0.833916637360556,1.8206,0,0.74,0,68.95,666,18.1,87.9,8.4
"434",5.98219077388828,3.96146796481537,24,1.52019859756907,0.833916637360556,2.2222,0,0.713,0,100.63,666,18.1,95,11.7
"409",7.36464364517696,2.82891391673115,24,1.53478477167175,0.833916637360556,1.4655,0,0.597,0,179.36,666,18.1,100,27.5
"376",5.70574181171723,4.16132843708605,24,1.55730899607216,0.833916637360556,1.3449,0,0.671,0,363.02,666,18.1,93.3,13.9
"381",5.24292022662271,4.65798040650066,24,1.57213846434682,0.833916637360556,1.5192,0,0.671,0,396.9,666,18.1,99.1,10.9
"415",5.49155639563997,4.60086510089497,24,1.6235536098344,0.833916637360556,1.8347,0,0.679,0,27.25,666,18.1,100,7.2
"374",5.57364832077807,4.13524226503242,24,1.63248709431532,0.833916637360556,1.137,0,0.668,0,396.9,666,18.1,100,13.8
"440",5.6680015522657,5.07724158539701,24,1.70214342327538,0.833916637360556,1.8662,0,0.74,0,391.45,666,18.1,92.4,10.5
"378",6.16116567030212,4.33535676538839,24,1.73003641739563,0.833916637360556,1.3861,0,0.671,0,396.9,666,18.1,96.2,13.1
"414",5.22448679823921,5.26661301648301,24,2.00419999588948,0.833916637360556,1.6582,0,0.693,0,88.27,666,18.1,100,7
"253",7.15872945384686,1.46491441283056,7,-0.0420875636227515,0.130160746119299,8.9067,22,0.431,0,396.9,330,5.86,8.4,42.8
"277",6.4678033864999,1.68415641953307,4,-0.944292098836412,-0.61251795246359,4.8628,40,0.447,1,393.45,254,6.41,27.6,33.1
"341",7.53477141683502,2.08036984631574,1,-1.78767987144046,-1.34109488233123,7.0379,35,0.442,0,394.74,284,1.52,49.3,32.7
"349",6.72819078417639,2.18485632869642,1,-1.3444860289298,0.494955615629276,8.7921,40,0.429,0,389.85,335,1.25,34.5,26.6
"350",6.54613706756881,2.20760664737077,1,-0.93713710040687,0.494955615629276,8.7921,40,0.429,0,396.9,335,1.25,44.4,22.9
"306",7.33518154969093,2.32703001097738,7,-0.838312754307627,-0.24401601094397,3.0992,33,0.472,0,396.9,222,2.18,71.9,33.4
"62",6.85736758944461,2.38758266975748,8,-0.639749350050662,0.494955615629276,7.2255,25,0.453,0,396.9,284,5.13,67.8,22.2
"58",6.38003823379767,2.41718381815899,8,-0.469119370583586,0.494955615629276,7.8148,25,0.453,0,390.68,284,5.13,29.2,23.3
"264",7.79520720558734,2.67975608828148,5,0.146878096480402,-1.88714317572526,1.9301,20,0.647,0,387.89,264,3.97,91.6,36.5
"87",5.91653690294717,2.74628234534366,3,-0.86335536246953,-0.193693261025715,3.7476,0,0.449,0,395.15,247,4.49,56.8,22.2
"38",6.01938253803,3.04922273246206,5,-0.406471893318376,0.187985637785564,3.8473,0,0.499,0,393.43,279,5.96,30.2,24.7
"362",6.56822055902077,3.0592364638326,24,0.98505462582006,0.833916637360556,2.1036,0,0.77,0,380.79,666,18.1,96.2,20.8
"318",6.19425837164587,3.0873635507784,4,-0.00109058357058532,-0.24401601094397,3.5325,0,0.544,0,395.21,304,9.9,67.2,23.1
"263",6.59256210264182,3.22906013171992,5,0.334247870051978,-1.88714317572526,2.0788,20,0.647,0,393.42,264,3.97,94.5,31
"323",6.26502402282306,3.30341021379394,5,-0.168397045747662,0.431102979977672,4.7211,0,0.493,0,391.13,287,7.38,74.3,18.5
"108",6.0541604913982,3.38117902571451,5,-0.563801111756315,1.368618600426,2.4329,0,0.52,0,395.24,384,8.56,97.1,19.8
"244",5.6718845996984,3.41412227368256,7,-0.325436770736545,0.130160746119299,7.9549,22,0.431,0,372.49,330,5.86,76.5,17.6
"130",5.56455816234425,3.42829955762181,4,-0.0811921769582539,1.62150192036674,2.1185,0,0.624,0,395.04,437,21.89,98.9,19.2
"375",5.58471413910366,3.54408219498746,24,1.65555562609375,0.833916637360556,1.3163,0,0.671,0,396.9,666,18.1,97.9,15
"395",5.93152859291542,3.99373174770804,24,1.3353145407998,0.833916637360556,1.7257,0,0.693,0,391.98,666,18.1,98.8,13.1
"446",5.62602671483569,4.06736267341643,24,1.20450913632257,0.833916637360556,2.072,0,0.74,0,318.01,666,18.1,96.4,14.9
"7",6.87949397758667,4.21047142468078,5,-0.502433224764114,-1.42225756521518,5.9505,12.5,0.524,0,396.9,311,7.87,96.1,27.1
"467",6.14977611344686,4.42334872882577,24,1.06119035413388,0.833916637360556,2.5403,0,0.584,0,331.29,666,18.1,94.5,19.1
"387",5.4401582406162,5.27677605661596,24,1.71188672515517,0.833916637360556,1.5184,0,0.7,0,396.9,666,18.1,89.5,7.4
"406",4.138,4.60695956615958,24,1.67732521081752,0.833916637360556,1.1781,0,0.659,0,370.22,666,18.1,100,11.9
"384",4.368,5.18159064937947,24,1.66505245342637,0.833916637360556,1.4395,0,0.7,0,285.83,666,18.1,91.2,8.8
"386",4.652,5.00912879101723,24,1.74246001076939,0.833916637360556,1.4672,0,0.7,0,396.9,666,18.1,100,10.5
"388",4.88,5.18087877469651,24,1.53192093564319,0.833916637360556,1.5895,0,0.7,0,372.92,666,18.1,100,10.2
"310",4.973,3.43394614791895,4,0.845127789516917,-0.24401601094397,2.5194,0,0.544,0,350.45,304,9.9,37.8,16.1
"141",5.019,5.43868638548413,4,0.637889913664838,1.62150192036674,1.4394,0,0.624,0,396.9,437,21.89,100,14.4
"385",5.277,5.19437380746687,24,1.59475409965225,0.833916637360556,1.4261,0,0.7,0,396.9,666,18.1,98.1,7.2
"477",5.304,4.74136542606774,24,1.55043152293854,0.833916637360556,2.1007,0,0.614,0,349.48,666,18.1,97.3,12
"417",5.304,4.8820945735777,24,1.76715168467932,0.833916637360556,1.6475,0,0.679,0,127.36,666,18.1,89.1,10.4
"209",5.344,4.58491752884065,4,0.037147236314132,-0.142360813351939,3.875,0,0.489,1,396.9,277,10.59,100,20
"496",5.39,4.40634437237896,6,-0.158780122998019,0.187985637785564,2.7986,0,0.585,0,396.9,391,9.69,72.9,19.7
"48",5.399,5.19437380746687,3,-0.222909837165795,-0.481155986929274,5.87,0,0.448,0,396.9,233,6.91,95.3,14.4
"214",5.412,5.10364896126125,4,-0.15886390730877,-0.142360813351939,3.5875,0,0.489,0,348.93,277,10.59,9.8,23.7
"474",5.427,4.10497825759137,24,1.30389483051364,0.833916637360556,2.4298,0,0.584,0,352.58,666,18.1,95.4,13.8
"398",5.453,5.17874207289225,24,1.9281843063954,0.833916637360556,1.4896,0,0.693,0,396.9,666,18.1,100,5
"488",5.454,4.09643014889608,4,-0.480933234852322,0.763410225319547,1.8209,0,0.609,0,395.09,711,27.74,92.7,15.2
"424",5.565,3.99818950794267,24,1.3387393925451,0.833916637360556,2.0635,0,0.584,0,3.65,666,18.1,70.6,11.7
"20",5.57,4.39494591795916,4,0.521878431718159,1.45124616523898,3.7979,0,0.538,0,376.57,307,8.14,98.1,13.6
"172",5.572,3.7064406117718,5,-0.521667919480987,-0.997706535589136,2.5961,0,0.51,0,396.9,296,4.05,88.5,23.1
"68",5.594,3.49653837097157,4,-0.534908351423173,0.0178965792890688,6.498,12.5,0.409,0,396.9,345,6.07,36.8,17.4
"25",5.599,3.92473330146628,4,0.342612756449429,1.45124616523898,4.4546,0,0.538,0,303.42,307,8.14,85.7,13.9
"49",5.602,3.88891128449072,3,-0.29369420124999,-0.481155986929274,6.0877,0,0.448,0,396.9,233,6.91,62,19.4
"245",5.605,4.13888231107415,7,-0.36222604460813,0.130160746119299,7.9549,22,0.431,0,389.13,330,5.86,70.2,18.5
"126",5.613,4.93081158460857,2,-0.0188137501422606,0.130160746119299,1.7572,0,0.581,0,359.29,188,25.65,95.6,15.7
"408",5.617,4.86300117030948,24,1.27016290691549,0.833916637360556,1.4547,0,0.597,0,314.64,666,18.1,97.9,17.2
"8",5.631,5.13132001327312,5,-0.31321840075209,-1.42225756521518,6.0821,12.5,0.524,0,386.63,311,7.87,100,16.5
"129",5.637,4.12622187385129,4,0.364134105668252,1.62150192036674,1.9799,0,0.624,0,396.9,437,21.89,94.7,14.3
"422",5.648,3.63119437635926,24,1.46346992390542,0.833916637360556,1.9512,0,0.614,0,291.55,666,18.1,87.6,20.8
"354",5.663,2.669791809027,4,-1.13183242629733,2.37435025588153,10.5857,80,0.413,0,382.8,334,1.91,21.9,18.2
"495",5.67,4.04670290115981,6,-0.395377704364502,0.187985637785564,2.7986,0,0.585,0,393.29,391,9.69,28.8,23.1
"45",5.682,3.06256425547388,3,-0.416928431008184,-0.481155986929274,5.1004,0,0.448,0,396.9,233,6.91,33.8,19.3
"33",5.701,4.12727934955292,4,0.484746194714281,1.45124616523898,3.7872,0,0.538,0,358.77,307,8.14,95,13.1
"331",5.706,3.40414597400055,1,-1.04921059515345,-0.89012178462863,6.6407,35,0.4379,0,394.02,304,6.06,28.4,17.1
"493",5.707,3.34335953652875,6,-0.411455336950667,0.187985637785564,2.3817,0,0.585,0,396.9,391,9.69,54,21.8
"469",5.713,3.71521240083281,24,1.49571650437187,0.833916637360556,2.8237,0,0.58,0,396.9,666,18.1,56.7,20.1
"390",5.713,3.99261605108853,24,1.24549561341797,0.833916637360556,1.9265,0,0.7,0,394.43,666,18.1,97,15.1
"30",5.713,4.54117492821707,4,0.476554392195228,1.45124616523898,4.233,0,0.538,0,360.17,307,8.14,94.1,12.7
"60",5.741,3.50475789712255,8,-0.486091977796337,0.494955615629276,7.2254,25,0.453,0,395.11,284,5.13,66.2,18.7
"410",5.757,3.04587464418292,24,2.05366507699716,0.833916637360556,1.413,0,0.597,0,2.6,666,18.1,100,15
"207",5.783,4.09643014889608,4,-0.226543774977417,-0.142360813351939,4.3549,0,0.489,0,389.43,277,10.59,72.7,22.5
"46",5.786,3.63766448693914,3,-0.369994796830651,-0.481155986929274,5.1004,0,0.448,0,396.9,233,6.91,33.3,20
"66",5.787,3.06754651686044,4,-1.12223315533557,-1.16323735407812,6.6115,80,0.398,0,396.9,337,3.37,31.1,19.4
"212",5.807,3.86904168839634,4,-0.299514037675117,-0.142360813351939,3.6526,0,0.489,1,390.94,277,10.59,53.8,22.4
"23",5.813,4.28407396674008,4,0.416099004770437,1.45124616523898,4.0952,0,0.538,0,394.54,307,8.14,100,14.5
"15",5.834,2.7520523236812,4,0.208132786614066,1.45124616523898,4.4986,0,0.538,0,395.62,307,8.14,56.5,19.9
"36",5.841,3.25360802262431,5,-0.703126124065858,0.187985637785564,3.3779,0,0.499,0,377.56,279,5.96,61.4,20
"105",5.851,3.92014044759851,5,-0.545922346322668,1.368618600426,2.1069,0,0.52,0,394.05,384,8.56,96.7,19.5
"444",5.854,4.64617995058452,24,1.48740706617274,0.833916637360556,1.8956,0,0.74,0,240.52,666,18.1,96.6,10.8
"138",5.857,4.42334872882577,4,-0.230813169748103,1.62150192036674,1.6686,0,0.624,0,392.04,437,21.89,98.2,13.3
"328",5.868,3.02229368912995,4,-0.903925559327132,-0.89012178462863,5.2146,0,0.46,0,382.44,430,3.24,25.8,19.3
"120",5.87,3.66592498540228,2,-0.882090459218835,0.130160746119299,2.2577,0,0.581,0,389.15,188,25.65,69.7,22
"484",5.871,3.53059676956345,24,0.801493017584695,0.833916637360556,3.724,0,0.583,0,370.73,666,18.1,41.9,20.6
"118",5.872,3.79032352121281,6,-0.553769425197108,-0.525818250464659,2.4775,0,0.547,0,338.63,432,10.01,73.1,20.4
"255",5.876,2.89681195165228,1,-1.23511718570048,-1.06591919064377,9.2203,80,0.392,0,395.18,315,3.64,19.1,20.9
"124",5.879,4.04451818454201,2,-0.69761900641397,0.130160746119299,2.0063,0,0.581,0,379.38,188,25.65,95.8,18.8
"352",5.884,2.61719309471249,4,-0.856615454884709,-0.293348642158638,10.7103,60,0.411,0,392.33,411,1.69,18.5,18.6
"69",5.885,2.81263744109383,4,-0.563247074078497,0.0178965792890688,6.498,12.5,0.409,0,396.9,345,6.07,33,20.9
"216",5.888,3.55347596085307,5,-1.10062976813683,-1.06591919064377,3.1121,0,0.55,1,392.8,276,13.89,56,23.3
"54",5.888,3.72021043714433,3,-1.76276120154515,1.53552944977859,7.3197,75,0.41,0,396.9,469,4,47.6,18.9
"205",5.891,3.16965949954955,4,-0.531637942250396,-0.142360813351939,3.9454,0,0.489,0,396.9,277,10.59,22.3,22.6
"425",5.896,4.69759226400322,24,1.5717883072033,0.833916637360556,1.9096,0,0.679,0,7.68,666,18.1,95.4,8.3
"346",5.898,3.43817204186857,3,-0.941298440286822,-0.0365864931420291,8.0136,0,0.442,0,364.61,352,4.39,52.3,17.2
"112",5.913,3.89007506090737,6,-0.582903572028058,-0.525818250464659,2.3534,0,0.547,0,394.95,432,10.01,92.9,18.8
"316",5.914,4.12516395279021,4,-0.113095414443476,-0.24401601094397,3.9986,0,0.544,0,390.7,304,9.9,83.2,17.8
"269",5.92,3.57215130001286,3,-0.740315405311822,-0.142360813351939,3.9175,20,0.464,1,391.34,223,6.96,61.5,20.7
"24",5.924,3.90052417837898,4,0.290653449577162,1.45124616523898,4.3996,0,0.538,0,394.33,307,8.14,94.1,15.6
"494",5.926,3.56416578079626,6,-0.175900499594692,0.187985637785564,2.3817,0,0.585,0,396.9,391,9.69,42.6,24.5
"468",5.926,4.10391133802201,24,1.56465386031977,0.833916637360556,2.9084,0,0.58,0,368.74,666,18.1,71,19.1
"59",5.927,2.89142206491776,8,-0.673254203821376,0.494955615629276,6.932,25,0.453,0,396.9,284,5.13,47.2,19.6
"115",5.928,3.83714700255807,6,-0.417161495971075,-0.525818250464659,2.4631,0,0.547,0,344.91,432,10.01,88.2,18.3
"35",5.933,2.97262210703759,5,-0.920010773208177,0.187985637785564,3.3603,0,0.499,0,396.9,279,5.96,68.2,18.9
"355",5.936,2.10172676468467,4,-0.657101013680244,2.37435025588153,10.5857,80,0.413,0,376.04,334,1.91,19.5,20.6
"13",5.949,2.7113258695389,4,0.209881682277579,1.45124616523898,4.7075,0,0.538,0,396.9,307,8.14,61.8,20.4
"32",5.95,4.9656374936897,4,0.567637988437975,1.45124616523898,3.99,0,0.538,0,232.6,307,8.14,82,13.2
"466",5.952,3.99707582078135,24,0.995835544114051,0.833916637360556,2.8715,0,0.655,0,22.01,666,18.1,84.7,19
"210",5.96,4.01040710959376,4,-0.408155814339856,-0.142360813351939,3.8771,0,0.489,1,393.25,277,10.59,92.1,21.7
"71",5.961,3.00699913864092,4,-0.45531208840365,0.187985637785564,5.2873,0,0.413,0,376.94,305,10.81,17.5,21.7
"122",5.961,4.0824768971938,2,-0.727178322130495,0.130160746119299,2.0869,0,0.581,0,378.09,188,25.65,92.9,20.5
"50",5.963,3.54542647125892,4,-0.751363125104832,-0.926703754699467,6.8147,21,0.439,0,395.56,243,5.64,45.7,19.7
"61",5.966,3.67484687572046,8,-0.416084529479112,0.494955615629276,6.8185,25,0.453,0,378.08,284,5.13,93.4,16
"309",5.972,3.02229368912995,4,-0.0681732431465317,-0.24401601094397,3.1025,0,0.544,0,396.24,304,9.9,76.7,20.3
"230",5.981,3.28993612666074,8,0.135626186614536,-0.695829524768667,3.6715,0,0.504,0,378.35,307,6.2,68.1,24.3
"491",5.983,4.09750025962512,4,-0.661198319646137,0.763410225319547,1.8681,0,0.609,0,390.11,711,27.74,98.8,13.6
"339",5.985,2.98299235862317,5,-1.00146991925243,0.833916637360556,4.8122,0,0.515,0,396.9,224,5.19,45.4,19
"400",5.987,4.89238142804911,24,1.75304366103184,0.833916637360556,1.5888,0,0.693,0,396.9,666,18.1,100,5.6
"17",5.99,3.70392845863361,4,0.310928975474167,1.45124616523898,4.2579,0,0.538,0,386.75,307,8.14,81.7,17.5
"9",6.004,3.99149985080341,5,-0.420964942198468,-1.42225756521518,6.5921,12.5,0.524,0,386.71,311,7.87,85.9,18.9
"294",6.009,3.09392983387927,4,-0.792232718651851,-1.1943938643994,5.5027,0,0.437,0,396.9,289,13.92,42.3,21.7
"6",6.012,3.40414597400055,5,-0.753930219985669,-1.42225756521518,5.5605,12.5,0.524,0,395.6,311,7.87,66.6,22.9
"345",6.014,3.11513644455317,3,-1.30581721311022,-0.0365864931420291,8.0136,0,0.442,0,385.64,352,4.39,48.5,17.5
"176",6.02,3.04587464418292,5,-0.872857932698432,-0.997706535589136,3.5549,0,0.51,0,393.23,296,4.05,47.2,23.2
"117",6.021,3.07747732040351,6,-0.480533584256675,-0.525818250464659,2.7474,0,0.547,0,394.51,432,10.01,82.6,19.2
"47",6.03,4.17441166832259,3,-0.27286886672791,-0.481155986929274,5.6894,0,0.448,0,392.74,233,6.91,85.5,16.6
"332",6.031,2.62537258770055,1,-1.24772631149289,-0.89012178462863,6.6407,35,0.4379,0,362.25,304,6.06,23.3,19.4
"335",6.037,2.66178591679101,5,-1.17591624610692,0.833916637360556,5.9853,0,0.515,0,396.9,224,5.19,34.5,21.1
"338",6.059,2.75972112897435,5,-1.27325227786251,0.833916637360556,4.8122,0,0.515,0,396.14,224,5.19,37.3,20.6
"72",6.065,2.08840668059948,4,-0.734714474596479,0.187985637785564,5.2873,0,0.413,0,390.91,305,10.81,7.8,22.8
"44",6.069,2.9499817972882,3,-0.585381623382917,-0.481155986929274,5.7209,0,0.448,0,389.39,233,6.91,40,21.2
"31",6.072,3.48966651168965,4,0.556915495826945,1.45124616523898,4.175,0,0.538,0,376.73,307,8.14,100,14.5
"459",6.081,3.70769569801038,24,1.23609730488857,0.833916637360556,2.7175,0,0.713,0,396.9,666,18.1,84.4,20
"235",6.086,3.17124306319254,8,-0.0949880038324282,-0.695829524768667,3.6519,0,0.507,0,376.75,307,6.2,61.5,24
"113",6.092,3.99038314633056,6,-0.288455534924314,-0.525818250464659,2.548,0,0.547,0,396.9,432,10.01,95.4,18.7
"241",6.095,3.3998571320472,6,-0.65936232364762,-0.997706535589136,6.3361,30,0.428,0,394.62,300,4.93,65.1,20.1
"254",6.108,2.35053809653367,1,-1.07122790398794,-1.06591919064377,9.2203,80,0.392,0,392.89,315,3.64,32,21.9
"246",6.108,2.88060153240959,7,-0.081517521550571,0.130160746119299,8.0555,22,0.431,0,390.18,330,5.86,34.9,24.3
"319",6.113,3.4466007021822,4,0.0784381586264715,-0.24401601094397,4.0019,0,0.544,0,396.23,304,9.9,58.8,21
"486",6.114,3.74257336001008,24,1.16421049007105,0.833916637360556,3.5459,0,0.583,0,392.68,666,18.1,79.8,19.1
"51",6.115,2.92887081956687,4,-1.12737956951032,-0.926703754699467,6.8147,21,0.439,0,393.97,243,5.64,63,20.5
"502",6.12,2.86608868754778,1,-1.1045009043634,1.45124616523898,2.2875,0,0.573,0,396.9,273,11.93,76.7,20.6
"293",6.127,2.77307481746662,4,-0.788077790720798,-1.1943938643994,5.5027,0,0.437,0,396.9,289,13.92,18.4,23.9
"107",6.127,3.62989822875245,5,-0.551486752365065,1.368618600426,2.1224,0,0.52,0,387.69,384,8.56,85.2,20.4
"103",6.137,3.54408219498746,5,-0.312354397586079,1.368618600426,2.7147,0,0.52,0,394.47,384,8.56,87.4,19.3
"77",6.14,3.07251751909625,5,-0.761118888909548,-0.0899986875399935,4.0905,0,0.437,0,386.96,398,12.83,45.8,20.8
"181",6.144,2.93240366729066,3,-0.882924520276451,-0.525818250464659,2.5979,0,0.488,0,396.9,193,2.46,62.2,36.2
"139",6.151,4.13888231107415,4,0.14213510198575,1.62150192036674,1.6687,0,0.624,0,396.9,437,21.89,97.9,17.8
"185",6.153,3.50475789712255,3,-0.951202538580825,-0.525818250464659,3.2797,0,0.488,0,387.11,193,2.46,68.8,29.6
"201",6.162,2.54207856674812,2,-1.25100561254104,-1.54701457236491,6.27,82.5,0.415,0,393.77,348,2.03,38.4,24.1
"475",6.162,4.67286642110496,24,1.21119103806884,0.833916637360556,2.206,0,0.584,0,302.76,666,18.1,97.4,13.3
"83",6.167,2.55900970520885,4,-1.23466166618405,0.073471767344769,5.4007,25,0.426,0,390.64,281,4.86,46.7,22.9
"104",6.167,3.38981858417877,5,-0.520002092729611,1.368618600426,2.421,0,0.52,0,392.69,384,8.56,90,20.1
"42",6.169,2.16440734043817,3,-0.513182139115341,-0.481155986929274,5.7209,0,0.448,0,383.37,233,6.91,6.6,25.3
"140",6.174,4.67800088997631,4,-0.156607076134421,1.62150192036674,1.6119,0,0.624,0,388.08,437,21.89,93.6,14
"116",6.176,3.34775540269668,6,-0.549906836154591,-0.525818250464659,2.7301,0,0.547,0,393.3,432,10.01,72.5,21.2
"215",6.182,2.93593074579769,4,-0.345182405765013,-0.142360813351939,3.9454,0,0.489,0,393.63,277,10.59,42.4,25
"393",6.193,3.76595466700007,24,1.33201451446875,0.833916637360556,1.7912,0,0.693,0,396.9,666,18.1,92.6,13.8
"287",6.209,2.47949778218025,6,-1.18824905324895,-0.997706535589136,7.3172,52.5,0.405,0,396.9,293,5.32,31.3,23.2
"93",6.211,2.26456806552854,4,-1.34900744345514,-0.341710340923556,3.6659,28,0.464,0,396.33,270,15.04,28.9,25
"43",6.211,2.5442026348977,3,-0.453421295714023,-0.481155986929274,5.7209,0,0.448,0,394.46,233,6.91,6.5,24.7
"247",6.226,3.05256571998037,7,-0.348824429813104,0.130160746119299,8.0555,22,0.431,0,376.14,330,5.86,79.2,20.5
"471",6.229,3.46614892723792,24,1.02376557792443,0.833916637360556,3.0993,0,0.532,0,395.33,666,18.1,90.7,19.6
"109",6.229,3.81204700575557,5,-0.204489505821609,1.368618600426,2.5451,0,0.52,0,391.23,384,8.56,91.2,19.4
"286",6.23,3.47447649493975,1,-1.55773001412657,-0.341710340923556,9.0892,80,0.385,0,341.6,241,1.76,31.5,20.1
"78",6.232,3.39125535254245,5,-0.987349123591684,-0.0899986875399935,5.0141,0,0.437,0,386.4,398,12.83,53.7,21.2
"271",6.24,2.35520651189937,3,-0.444849969339678,-0.142360813351939,4.429,20,0.464,0,396.9,223,6.96,16.3,25.2
"480",6.242,3.14897008694827,24,1.17351931608324,0.833916637360556,3.4242,0,0.532,0,396.9,666,18.1,64.7,23
"73",6.245,2.56532298045928,4,-0.351809237284047,0.187985637785564,5.2873,0,0.413,0,377.17,305,10.81,6.2,23.4
"94",6.249,3.12485597689028,4,-1.13270278357,-0.341710340923556,3.615,28,0.464,0,396.9,270,15.04,77.3,20.6
"313",6.266,2.63960938223065,4,-0.193971271081132,-0.24401601094397,3.2628,0,0.544,0,393.39,304,9.9,82.8,21.6
"76",6.279,3.33748517202772,5,-0.68201554212126,-0.0899986875399935,4.0522,0,0.437,0,373.66,398,12.83,74.5,20
"65",6.29,1.84628685596603,4,-1.22967731944375,-1.16323735407812,6.6115,80,0.398,0,396.9,337,3.37,17.8,23.5
"82",6.302,2.38528742469947,4,-1.21852530714859,0.073471767344769,5.4007,25,0.426,0,396.9,281,4.86,32.2,24.8
"326",6.312,2.24986775619655,5,-0.136109565180084,0.431102979977672,5.4159,0,0.493,0,396.9,287,7.38,28.9,23
"288",6.315,2.57789156243893,6,-1.09713589161437,-0.997706535589136,7.3172,52.5,0.405,0,396.9,293,5.32,45.6,22.3
"333",6.316,2.13070907911079,5,-1.04291267120461,0.833916637360556,6.4584,0,0.515,0,389.71,224,5.19,38.1,22.2
"131",6.326,3.37973592909943,4,0.500441605373313,1.62150192036674,2.271,0,0.624,0,396.9,437,21.89,97.7,19.6
"329",6.333,2.52286192044977,4,-0.89552782493659,-0.89012178462863,5.2146,0,0.46,0,375.21,430,3.24,17.2,22.6
"401",6.343,4.32743444105458,24,1.52923259354833,0.833916637360556,1.5741,0,0.693,0,396.9,666,18.1,100,7.2
"298",6.345,1.9353598435541,5,-0.916021811562984,-1.52306810828665,7.8278,70,0.4,0,368.24,358,2.24,20.1,22.5
"430",6.348,4.05106658926026,24,1.32492272254873,0.833916637360556,2.0527,0,0.584,0,83.45,666,18.1,86.1,14.5
"242",6.358,3.22442742699829,6,-0.675143348017347,-0.997706535589136,7.0355,30,0.428,0,372.75,300,4.93,52.9,22.2
"132",6.372,3.20891566525264,4,0.179614936911932,1.62150192036674,2.3274,0,0.624,0,385.76,437,21.89,97.9,23
"213",6.375,2.92001331719541,4,-0.516687689195487,-0.142360813351939,3.9454,0,0.489,0,385.81,277,10.59,32.3,28.1
"10",6.377,4.34010663761075,5,-0.282355124482593,-1.42225756521518,6.3467,12.5,0.524,0,392.52,311,7.87,94.3,15
"429",6.38,4.67115273788205,24,1.36271093781534,0.833916637360556,1.9682,0,0.679,0,60.72,666,18.1,95.6,9.5
"56",6.383,2.15410120372019,2,-1.5329922218888,-0.736255384343403,9.1876,85,0.41,0,396.9,313,0.74,35.7,24.7
"84",6.389,2.96220209812947,3,-1.04542245932965,-0.193693261025715,4.7794,0,0.449,0,396.9,247,4.49,48,23.9
"243",6.393,1.99807581377937,6,-0.565586270512225,-0.997706535589136,7.0355,30,0.428,0,374.71,300,4.93,7.8,23.7
"70",6.417,2.38528742469947,4,-0.754105737683146,0.187985637785564,5.2873,0,0.413,0,383.73,305,10.81,6.6,24.2
"90",6.417,2.81636710574705,2,-1.08634109098542,-0.525818250464659,3.0923,0,0.489,0,392.18,270,3.41,66.1,22.6
"1",6.421,2.87698252582774,2,-1.37699123279582,-0.525818250464659,4.9671,0,0.469,0,396.9,242,7.07,78.9,21.6
"320",6.426,2.49260447666249,5,-0.428187092090874,0.431102979977672,4.5404,0,0.493,0,396.9,287,7.38,52.3,23.8
"248",6.433,2.94472334302253,7,-0.437858807551857,0.130160746119299,7.8265,22,0.431,0,374.71,330,5.86,49.1,24.5
"433",6.436,3.89123828304138,24,1.15624401516999,0.833916637360556,2.3158,0,0.713,0,100.19,666,18.1,87.9,14.3
"472",6.437,3.66464769149628,24,0.972481057837178,0.833916637360556,2.8965,0,0.58,0,393.37,666,18.1,75,23.2
"251",6.438,1.4836495332713,7,-0.306604034199992,0.130160746119299,7.3967,22,0.431,0,377.07,330,5.86,8.9,24.8
"92",6.442,2.69165071952762,4,-1.14415435440604,-0.341710340923556,3.6659,28,0.464,0,395.01,270,15.04,53.6,22.9
"285",6.453,2.70544272851825,1,-1.88443483232417,-1.39574945375807,7.3073,55,0.389,0,394.72,300,2.25,31.9,22
"238",6.481,2.30084478259932,6,-0.78939602736113,-0.997706535589136,6.1899,30,0.428,0,379.41,300,4.93,18.5,23.7
"278",6.482,2.4904258997364,4,-0.806405262083077,-0.61251795246359,4.1403,40,0.447,0,396.9,254,6.41,32.1,29.1
"250",6.487,2.18739734429996,7,-0.517478183377313,0.130160746119299,7.3967,22,0.431,0,396.28,330,5.86,13,24.4
"302",6.495,2.790120778499,7,-0.729009839932393,-1.16323735407812,5.4917,34,0.433,0,383.61,329,6.09,18.4,26.4
"28",6.495,3.45639545357996,4,0.304336945261535,1.45124616523898,4.4547,0,0.538,0,387.94,307,8.14,94.4,18.4
"463",6.513,3.07582529427412,24,1.17332038105581,0.833916637360556,2.8016,0,0.713,0,393.82,666,18.1,89.9,20.2
"347",6.516,2.30084478259932,4,-1.58515696802313,-0.481155986929274,8.5353,85,0.429,0,392.43,351,4.15,27.7,23.1
"455",6.525,4.10391133802201,24,1.09072282411952,0.833916637360556,2.4358,0,0.713,0,50.92,666,18.1,86.5,14.1
"272",6.538,2.60486282794747,3,-0.620095458177971,-0.142360813351939,3.9175,20,0.464,0,394.96,223,6.96,58.7,24.4
"342",6.54,2.7863446373514,1,-1.4257046057853,-1.22492933060631,6.2669,0,0.518,0,389.96,422,1.89,59.7,16.5
"188",6.556,1.81251836199392,5,-0.572713029421591,-1.42225756521518,4.5667,45,0.437,0,382.84,398,3.44,29.1,29.8
"289",6.565,2.94296768133818,6,-1.13232959180986,-0.997706535589136,7.3172,52.5,0.405,0,371.72,293,5.32,22.9,24.8
"0",6.575,1.93825661174344,1,-2.19951157130446,-1.39574945375807,4.09,18,0.538,0,396.9,296,2.31,65.2,24
"351",6.579,2.08036984631574,4,-0.808230205790479,-0.293348642158638,10.7103,60,0.411,0,370.78,411,1.69,35.9,24.1
"301",6.59,2.94121059343912,7,-1.23679087283016,-1.16323735407812,5.4917,34,0.433,0,395.75,329,6.09,40.4,22
"39",6.595,1.7365988567838,3,-1.37064168792022,-0.293348642158638,5.4011,75,0.428,0,395.63,252,2.95,21.8,30.8
"194",6.604,1.75587826607416,1,-1.73110191590629,-1.31292709856617,6.2196,60,0.401,0,376.7,265,2.93,18.8,29.1
"239",6.606,2.52928758790583,6,-0.729788916439565,-0.997706535589136,6.1899,30,0.428,0,383.78,300,4.93,42.2,23.3
"292",6.63,1.85538972794189,4,-1.22503853266423,0.187985637785564,5.1167,80,0.411,0,396.9,245,4.95,23.4,27.9
"236",6.631,2.94823039835515,8,0.121071810009603,-0.695829524768667,4.148,0,0.507,1,388.45,307,6.2,76.5,25.1
"348",6.635,2.21011810451908,4,-1.70749712180623,-0.852800591791647,8.344,80,0.435,0,390.94,280,2.01,29.7,24.5
"217",6.642,2.97435392292094,5,-0.873527715910176,-1.06591919064377,3.4211,0,0.55,0,392.78,276,13.89,85.1,28.7
"451",6.655,4.06085702022921,24,1.14593090537205,0.833916637360556,2.3552,0,0.713,0,355.29,666,18.1,98.2,15.2
"411",6.657,4.41391561303856,24,1.52406654080538,0.833916637360556,1.5275,0,0.597,0,35.05,666,18.1,100,17.2
"295",6.678,2.27915909894952,4,-0.558680805026228,-1.1943938643994,5.9604,0,0.437,0,396.9,289,13.92,31.1,28.6
"343",6.696,2.48824498167994,5,-1.41593677666986,-0.61251795246359,5.7321,55,0.484,0,396.9,370,3.78,56.4,23.9
"111",6.715,3.05423530652013,6,-0.685513679240743,-0.525818250464659,2.6775,0,0.547,0,395.59,432,10.01,81.6,22.8
"249",6.718,2.34819977229563,7,-0.363785201989218,0.130160746119299,7.8265,22,0.431,0,393.74,330,5.86,17.5,26.2
"80",6.727,2.02590611631263,4,-1.15573790796708,0.073471767344769,5.4007,25,0.426,0,396.9,281,4.86,33.5,28
"100",6.727,2.92710222547161,5,-0.488320027076743,1.368618600426,2.7778,0,0.52,0,394.76,384,8.56,79.9,27.5
"353",6.728,1.79383327370528,5,-1.63513170996716,-0.852800591791647,12.1265,90,0.41,0,384.46,187,2.02,36.1,30.1
"454",6.728,4.16505544592861,24,1.37006710054033,0.833916637360556,2.4961,0,0.713,0,6.68,666,18.1,94.1,14.9
"191",6.739,1.85236043558938,5,-0.881182162199306,-1.42225756521518,6.4798,45,0.437,0,389.71,398,3.44,30.8,30.5
"274",6.758,1.46114289647888,4,-0.987536070021765,-0.61251795246359,4.0776,40,0.447,1,396.9,254,6.41,32.9,32.4
"63",6.762,2.94121059343912,8,-0.569857701758896,0.494955615629276,7.9809,25,0.453,0,395.58,284,5.13,43.4,25
"41",6.77,1.89728599584246,3,-0.566103215570445,-0.481155986929274,5.7209,0,0.448,0,385.41,233,6.91,2.9,26.6
"187",6.782,2.37607998346522,5,-0.81315184879065,-1.42225756521518,3.7886,45,0.437,0,393.87,398,3.44,41.1,32
"193",6.8,1.95267344321327,1,-1.49868100204964,-1.31292709856617,6.2196,60,0.401,0,393.37,265,2.93,9.9,31.1
"57",6.816,1.61290798071918,5,-1.73383323776871,-1.44823343224669,8.3248,100,0.411,0,392.9,256,1.32,40.5,31.6
"431",6.833,4.26512075202203,24,1.39229116143125,0.833916637360556,2.0882,0,0.584,0,81.33,666,18.1,94.3,14.1
"259",6.842,2.42620467322037,5,0.229249435509268,-1.88714317572526,2.0107,20,0.647,0,391.93,264,3.97,100,30.1
"307",6.849,2.56322071413899,7,-1.05891424750766,-0.24401601094397,3.1827,33,0.472,0,396.9,222,2.18,70.3,28.2
"275",6.854,1.23969924478981,4,-0.710566640972217,-0.61251795246359,4.2673,40,0.447,0,396.9,254,6.41,42.8,32
"290",6.861,1.38392061319881,4,-1.24215263973925,0.187985637785564,5.1167,80,0.411,0,396.9,245,4.95,27.9,28.5
"300",6.871,2.23009407350438,5,-1.11762115226577,-1.52306810828665,7.8278,70,0.4,0,390.86,358,2.24,47.4,24.8
"344",6.874,1.8279447812707,5,-1.31708338639151,-0.61251795246359,6.4654,55,0.484,0,387.97,370,3.78,28.1,31.2
"222",6.879,3.01550932969761,8,0.205291651694652,-0.695829524768667,3.2721,0,0.507,1,390.39,307,6.2,77.7,27.5
"240",6.897,3.24902563166555,6,-0.625958095700758,-0.997706535589136,6.3361,30,0.428,0,391.25,300,4.93,54.3,22
"190",6.951,1.97267222437275,5,-0.740144738947964,-1.42225756521518,6.4798,45,0.437,0,377.68,398,3.44,21.5,37
"252",6.957,1.46114289647888,7,-0.790843857260639,0.130160746119299,8.9067,22,0.431,0,386.09,330,5.86,6.8,29.6
"281",6.968,1.82178979285759,5,-1.21180293627608,-1.4986288445605,5.2447,20,0.4429,0,392.23,216,3.33,37.2,35.4
"199",6.975,1.81251836199392,3,-1.29941373385197,-0.852800591791647,7.6534,95,0.403,0,396.9,402,1.47,15.3,34.9
"303",6.982,1.90319450985413,7,-0.689806356319916,-1.16323735407812,5.4917,34,0.433,0,390.43,329,6.09,17.7,33.1
"40",7.024,0.739104017250585,3,-1.26465650545818,-0.293348642158638,5.4011,75,0.428,0,395.62,252,2.95,15.8,34.9
"299",7.041,1.86745735186065,5,-0.995356117901198,-1.52306810828665,7.8278,70,0.4,0,371.58,358,2.24,10,29
"284",7.088,2.62945023924811,1,-1.99263587419363,-1.39574945375807,7.3073,90,0.4,0,394.72,285,2.97,20.8,32.2
"64",7.104,2.669791809027,3,-1.56168397500598,-0.142360813351939,9.2229,17.5,0.4161,0,393.24,216,1.38,59.5,33
"197",7.107,2.77877208221958,2,-1.08839053911873,-1.95119453467277,7.309,80,0.404,0,354.31,329,1.52,36.6,30.3
"200",7.135,1.77811483250587,3,-1.61313784308879,-0.852800591791647,7.6534,95,0.403,0,384.3,402,1.47,13.9,32.9
"4",7.147,2.03692454707193,3,-0.88163610395583,-0.0899986875399935,6.0622,0,0.458,0,396.9,222,2.18,54.2,36.2
"291",7.148,1.47243283127218,4,-0.812426939747432,0.187985637785564,5.1167,80,0.411,0,396.9,245,4.95,27.7,37.3
"192",7.178,1.19167394244065,5,-0.763677815290095,-1.42225756521518,6.4798,45,0.437,0,390.49,398,3.44,26.3,36.4
"2",7.185,1.64038749568107,2,-1.37739065327762,-0.525818250464659,4.9671,0,0.469,0,392.83,242,7.07,61.1,34.7
"189",7.185,2.05333307080846,5,-0.781538869372424,-1.42225756521518,4.5667,45,0.437,0,396.9,398,3.44,38.9,34.9
"304",7.236,2.43294384912991,7,-0.999742912620412,-0.24401601094397,4.022,33,0.472,0,393.68,222,2.18,41.1,36.1
"55",7.249,1.8883877729515,5,-1.78337463925958,-0.481155986929274,8.6966,90,0.403,0,395.93,226,1.22,21.9,35.4
"276",7.267,2.22511923058885,4,-0.666307715424616,-0.61251795246359,4.7872,40,0.447,1,389.25,254,6.41,49,33.2
"198",7.274,2.36218866261501,2,-1.20273636009996,-1.95119453467277,7.309,80,0.404,0,392.2,329,1.52,38.3,34.6
"196",7.287,1.65734896180618,2,-1.1691906031601,-1.95119453467277,7.309,80,0.404,0,396.9,329,1.52,34.1,33.3
"258",7.333,2.61719309471249,5,0.23405584043182,-1.88714317572526,1.8946,20,0.647,0,383.29,264,3.97,100,36
"99",7.416,2.25968019679516,2,-0.885053898594895,-0.435595771986813,3.4952,0,0.445,0,396.9,276,2.89,62.5,33.2
"256",7.454,1.29472254172168,3,-1.69388910890387,-1.22492933060631,6.3361,90,0.394,0,386.34,244,3.75,34.2,44
"202",7.61,1.29472254172168,2,-1.50120378027857,-1.54701457236491,6.27,82.5,0.415,0,395.38,348,2.03,15.7,42.3
"282",7.645,1.25255905516145,5,-0.944120550734869,-1.4986288445605,5.2119,20,0.4429,1,377.07,216,3.33,49.7,46
"273",7.691,2.35287367393696,3,-0.288987861891264,-0.142360813351939,4.3665,20,0.464,1,390.77,223,6.96,51.8,35.2
"162",7.802,0.703277836888304,5,0.689554520274477,-1.54701457236491,2.0407,0,0.605,1,389.61,403,19.58,98.2,50
"280",7.82,1.54587838126817,5,-1.23057998920222,-1.4986288445605,4.6947,20,0.4429,0,387.31,216,3.33,64.5,45.4
"203",7.853,1.5637668426471,4,-1.24092217379969,-1.54701457236491,5.118,95,0.4161,0,392.78,224,2.68,33.2,48.5
"195",7.875,1.23539042638482,4,-1.75416231758828,-1.61599016005755,5.6484,80,0.422,0,394.23,255,0.46,32,50
"283",7.923,1.31541277936379,1,-1.70749712180623,-1.78046140438548,5.885,90,0.401,1,395.52,198,1.21,24.8,50
"166",7.929,1.52416810033881,5,0.729292703033167,-1.54701457236491,2.0459,0,0.605,0,369.3,403,19.58,96.2,50
"204",8.034,1.19609804500561,4,-1.54549171819281,-1.54701457236491,5.118,95,0.4161,0,390.55,224,2.68,31.9,50
"226",8.04,1.30302924526009,8,-0.0252794932954932,-0.695829524768667,3.2157,0,0.504,0,387.38,307,6.2,86.5,37.6
"224",8.266,1.67749213297582,8,-0.117575906496487,-0.695829524768667,2.8944,0,0.504,0,385.05,307,6.2,78.3,44.8
"267",8.297,2.5442026348977,5,0.170275972359147,-1.88714317572526,2.4216,20,0.575,0,384.54,264,3.97,67,50
"257",8.704,1.97834720834664,5,0.196253440286667,-1.88714317572526,1.801,20,0.647,0,389.7,264,3.97,86.9,50
"225",8.725,1.83407918334815,8,0.126757245355888,-0.695829524768667,2.8944,0,0.504,0,382,307,6.2,83,50
