"","X1.RM","X1.LSTAT","X1.RAD","X1.CRIM","X1.PTRATIO","X1.DIS","X1.ZN","X1.NOX","X1.CHAS","X1.B","X1.TAX","X1.INDUS","X1.AGE","X1.MEDV"
"18",6.02,2.62537258770055,"5",-0.675143348017347,0.187985637785564,3.7965,0,0.538,0,288.99,307,8.14,36.6,20.2
"29",5.927,3.70267139013862,"5",-0.348824429813104,0.431102979977672,4.239,0,0.538,0,380.23,307,8.14,87.3,21
"37",6.185,3.86904168839634,"3",-0.420964942198468,-0.695829524768667,3.9342,0,0.499,0,396.9,279,5.96,41.5,21
"47",5.155,4.28407396674008,"6",0.304336945261535,-0.142360813351939,5.6894,0,0.448,0,392.74,233,6.91,85.5,16.6
"50",6.069,3.49653837097157,"4",-0.0797380461808361,-0.0365864931420291,6.8147,21,0.439,0,395.56,243,5.64,45.7,19.7
"75",5.914,3.83119434777177,"4",-0.520002092729611,0.0178965792890688,4.5026,0,0.437,0,383.23,398,12.83,45,21.4
"79",5.602,3.63766448693914,"4",0.208132786614066,0.833916637360556,4.5026,0,0.437,0,396.06,398,12.83,36.6,20.3
"88",5.876,3.41412227368256,"3",-0.195783405479923,0.130160746119299,3.4217,0,0.489,0,396.9,270,3.41,86.3,23.6
"89",6.064,3.45499873992477,"3",-0.788077790720798,0.494955615629276,3.4145,0,0.489,0,396.06,270,3.41,63.1,28.7
"91",6.897,3.22442742699829,"5",-0.488320027076743,0.833916637360556,3.0921,0,0.489,0,393.55,270,3.41,73.9,22
"96",6.335,3.3998571320472,"3",-0.951202538580825,0.763410225319547,3.4952,0,0.445,0,391.83,276,2.89,69.6,21.4
"99",6.879,2.66178591679101,"8",0.400924763079914,-0.997706535589136,3.4952,0,0.445,0,396.9,276,2.89,62.5,33.2
"101",6.939,2.88060153240959,"2",-0.738157997688579,-0.142360813351939,2.8561,0,0.52,0,395.58,384,8.56,71.3,26.5
"114",5.757,3.45639545357996,"6",-0.634909866974509,1.45124616523898,2.2565,0,0.547,0,388.74,432,10.01,84.2,18.5
"117",6.015,3.46614892723792,"4",0.121071810009603,1.368618600426,2.7474,0,0.547,0,394.51,432,10.01,82.6,19.2
"120",5.878,3.25360802262431,"4",-0.689806356319916,-0.142360813351939,2.2577,0,0.581,0,389.15,188,25.65,69.7,22
"122",6.031,3.41412227368256,"4",0.521878431718159,1.45124616523898,2.0869,0,0.581,0,378.09,188,25.65,92.9,20.5
"123",6.348,4.12516395279021,"2",-0.549906836154591,0.833916637360556,1.9444,0,0.581,0,370.31,188,25.65,97,17.3
"126",5.594,5.13132001327312,"2",-0.792232718651851,-0.695829524768667,1.7572,0,0.581,0,359.29,188,25.65,95.6,15.7
"138",5.813,4.05106658926026,"4",0.198647671455844,1.368618600426,1.6686,0,0.624,0,392.04,437,21.89,98.2,13.3
"142",5.813,5.18159064937947,"4",1.0834582885859,-1.54701457236491,1.3216,0,0.871,1,396.9,403,19.58,100,13.4
"146",5.859,4.10497825759137,"5",0.758071224646486,-0.61251795246359,1.5166,0,0.871,0,169.27,403,19.58,100,15.6
"148",5.889,4.01151481788684,"5",0.410466167700012,-1.88714317572526,1.5296,0,0.871,0,356.99,403,19.58,93.8,17.8
"149",5.914,4.3787117756316,"5",0.8135320278524,-1.42225756521518,1.5257,0,0.871,0,351.85,403,19.58,94.9,15.4
"150",5.968,4.13888231107415,"5",0.799703646891987,-0.997706535589136,1.618,0,0.871,0,372.8,403,19.58,97.3,21.5
"151",6.009,4.09643014889608,"5",1.02975554239238,-1.54701457236491,1.5916,0,0.871,0,341.6,403,19.58,100,19.6
"161",7.875,2.30084478259932,"5",-0.703126124065858,-0.481155986929274,1.9709,0,0.605,0,374.43,403,19.58,90.8,50
"165",6.871,3.56683064029039,"4",0.553018734793929,0.187985637785564,2.2834,0,0.605,0,240.16,403,19.58,93,25
"166",8.034,1.8883877729515,"5",-0.987349123591684,0.187985637785564,2.0459,0,0.605,0,369.3,403,19.58,96.2,50
"170",6.376,3.91669015108046,"2",0.814027997273468,-0.695829524768667,2.4259,0,0.605,0,292.29,403,19.58,94.6,17.4
"171",6.232,3.9758198679888,"4",0.500441605373313,1.62150192036674,2.3887,0,0.605,0,348.13,403,19.58,97.3,19.1
"173",6.442,3.40414597400055,"4",-0.0417503931162395,0.494955615629276,2.6463,0,0.51,0,395.5,296,4.05,84.1,23.6
"178",5.608,2.57789156243893,"8",-0.517478183377313,-0.525818250464659,2.9153,0,0.51,0,391.27,296,4.05,74.4,29.9
"179",7.765,1.64038749568107,"4",-0.363785201989218,-0.525818250464659,2.829,0,0.488,0,396.9,193,2.46,58.4,37.2
"186",7.875,1.29472254172168,"5",-1.17591624610692,-1.95119453467277,3.1992,0,0.488,0,392.63,193,2.46,53.6,50
"206",6.727,2.62537258770055,"2",-0.974159099984927,-0.481155986929274,4.3549,0,0.489,0,394.87,277,10.59,52.5,24.4
"214",6.375,2.03692454707193,"4",-0.348824429813104,0.833916637360556,3.5875,0,0.489,0,348.93,277,10.59,9.8,23.7
"215",5.976,2.669791809027,"4",-1.17591624610692,1.53552944977859,3.9454,0,0.489,0,393.63,277,10.59,42.4,25
"216",5.976,3.23983279142847,"3",-0.0252794932954932,-0.997706535589136,3.1121,0,0.55,1,392.8,276,13.89,56,23.3
"218",6.169,4.12727934955292,"4",0.633621456384801,0.494955615629276,2.8893,0,0.55,1,396.9,276,13.89,93.8,21.5
"219",6.145,3.99149985080341,"4",-0.113095414443476,0.130160746119299,3.3633,0,0.55,1,393.74,276,13.89,92.4,23
"220",6.718,3.48966651168965,"1",0.14213510198575,-0.61251795246359,2.8617,0,0.507,1,391.7,307,6.2,88.5,26.7
"224",7.875,1.82178979285759,"7",0.633621456384801,-0.142360813351939,2.8944,0,0.504,0,385.05,307,6.2,78.3,44.8
"225",4.97,1.54587838126817,"8",0.135626186614536,-1.4986288445605,2.8944,0,0.504,0,382,307,6.2,83,50
"228",7.82,1.23539042638482,"5",-0.974159099984927,-1.88714317572526,3.3751,0,0.504,0,377.51,307,6.2,17,46.7
"232",8.297,1.19167394244065,"5",-0.89552782493659,-0.142360813351939,3.8384,0,0.507,0,385.91,307,6.2,73.3,41.7
"233",4.97,1.54587838126817,"5",-0.666307715424616,-0.852800591791647,3.6519,0,0.507,0,378.95,307,6.2,70.4,48.3
"235",5.981,3.06256425547388,"5",-0.553769425197108,-1.54701457236491,3.6519,0,0.507,0,376.75,307,6.2,61.5,24
"237",6.739,2.35287367393696,"5",-0.248315164027441,-0.997706535589136,4.148,0,0.507,0,390.07,307,6.2,71.6,31.5
"258",7.287,2.55900970520885,"5",-0.0332999676439515,-0.852800591791647,1.8946,20,0.647,0,383.29,264,3.97,100,36
"265",5.981,3.40414597400055,"6",-0.417161495971075,-1.52306810828665,1.9865,20,0.647,0,392.4,264,3.97,62.8,22.8
"271",6.606,2.18739734429996,"7",-0.65936232364762,-0.852800591791647,4.429,20,0.464,0,396.9,223,6.96,16.3,25.2
"295",6.718,2.16440734043817,"4",-0.517478183377313,-0.89012178462863,5.9604,0,0.437,0,396.9,289,13.92,31.1,28.6
"296",6.871,1.90024260478172,"4",-1.05366615223488,1.62150192036674,5.9604,0,0.437,0,392.85,289,13.92,51,27.1
"307",6.211,3.39125535254245,"3",-0.900219442686603,-0.24401601094397,3.1827,33,0.472,0,396.9,222,2.18,70.3,28.2
"309",6.302,3.25360802262431,"2",-0.416084529479112,-0.0365864931420291,3.1025,0,0.544,0,396.24,304,9.9,76.7,20.3
"311",6.151,4.21047142468078,"6",-0.420964942198468,-1.16323735407812,2.6403,0,0.544,0,396.9,304,9.9,52.8,22.1
"312",5.682,4.43649785590307,"4",0.845127789516917,1.53552944977859,2.834,0,0.544,0,396.3,304,9.9,90.4,19.4
"313",6.195,3.65312102596691,"8",0.637889913664838,-0.24401601094397,3.2628,0,0.544,0,393.39,304,9.9,82.8,21.6
"318",6.108,1.93825661174344,"8",-0.0797380461808361,-0.0899986875399935,3.5325,0,0.544,0,395.21,304,9.9,67.2,23.1
"319",5.834,2.87698252582774,"5",-0.582903572028058,-0.695829524768667,4.0019,0,0.544,0,396.23,304,9.9,58.8,21
"320",6.009,3.04922273246206,"5",-1.27325227786251,-0.525818250464659,4.5404,0,0.493,0,396.9,287,7.38,52.3,23.8
"322",6.358,2.13070907911079,"5",-0.987349123591684,-0.695829524768667,4.7211,0,0.493,0,396.9,287,7.38,49.9,20.4
"333",7.061,2.35053809653367,"7",0.198647671455844,0.187985637785564,6.4584,0,0.515,0,389.71,224,5.19,38.1,22.2
"339",5.762,3.38981858417877,"6",-0.549906836154591,-0.926703754699467,4.8122,0,0.515,0,396.9,224,5.19,45.4,19
"370",4.97,1.7007095453789,"24",0.575785257963076,-0.0899986875399935,1.2024,0,0.631,1,392.05,666,18.1,97.5,50
"375",4.973,4.01483497528896,"24",1.38277536154235,0.833916637360556,1.3163,0,0.671,0,396.9,666,18.1,97.9,15
"397",5.093,4.60695956615958,"24",1.07341409398711,0.833916637360556,1.6334,0,0.693,0,393.1,666,18.1,98.9,8.5
"453",5.807,3.46614892723792,"24",1.118783357068,1.62150192036674,2.4527,0,0.713,0,375.87,666,18.1,99.3,17.8
"466",6.604,3.67484687572046,"24",1.27671164495348,1.45124616523898,2.8715,0,0.655,0,22.01,666,18.1,84.7,19
"469",6.406,3.40414597400055,"24",1.17351931608324,0.833916637360556,2.8237,0,0.58,0,396.9,666,18.1,56.7,20.1
"485",5.682,3.83119434777177,"24",1.02376557792443,0.833916637360556,3.9917,0,0.583,0,388.62,666,18.1,51.9,21.2
"495",6.092,2.95697326276409,"5",-0.325436770736545,-0.61251795246359,2.7986,0,0.585,0,393.29,391,9.69,28.8,23.1
"498",5.957,3.38981858417877,"5",-0.273963555361654,-0.695829524768667,2.4091,0,0.585,0,396.9,391,9.69,65.3,21.2
"499",5.39,4.26512075202203,"6",0.845127789516917,-0.997706535589136,2.3999,0,0.585,0,395.77,391,9.69,73.5,17.5
"500",6.072,3.61559350934799,"24",0.567637988437975,0.833916637360556,2.4982,0,0.585,0,396.9,391,9.69,79.7,16.8
"502",6.376,4.13888231107415,"6",0.633621456384801,-0.0365864931420291,2.2875,0,0.573,0,396.9,273,11.93,76.7,20.6
"503",6.144,4.13888231107415,"5",-0.158780122998019,-0.525818250464659,2.1675,0,0.573,0,396.9,273,11.93,91,23.9
"505",5.813,4.4006514086449,"6",0.342612756449429,-1.16323735407812,2.505,0,0.573,0,396.9,273,11.93,80.8,11.9
"259",6.421,4.1702576270359,"5",-0.325436770736545,-1.88714317572526,2.0107,20,0.647,0,391.93,264,3.97,100,30.1
"261",7.82,2.37607998346522,"5",0.208132786614066,-1.88714317572526,2.1398,20,0.647,0,388.37,264,3.97,89.4,43.1
"262",7.875,1.65734896180618,"5",0.311803455236347,-1.88714317572526,2.2885,20,0.647,0,386.86,264,3.97,91.5,48.8
"264",7.765,2.74435549976171,"5",-0.325436770736545,-1.88714317572526,1.9301,20,0.647,0,387.89,264,3.97,91.6,36.5
"268",7.454,1.54587838126817,"5",-1.01481157836723,-1.88714317572526,2.872,20,0.575,0,390.3,264,3.97,52.6,43.5
"152",6.833,4.4006514086449,"24",1.55444361468444,-1.54701457236491,1.6102,0,0.871,1,343.28,403,19.58,88,15.3
"160",6.631,3.99038314633056,"4",0.567637988437975,-1.54701457236491,1.7984,0,0.605,1,338.92,403,19.58,92.6,27
"162",4.97,2.16440734043817,"2",0.135626186614536,-1.54701457236491,2.0407,0,0.605,1,389.61,403,19.58,98.2,50
"168",6.302,3.69385331988442,"5",-0.661198319646137,-1.54701457236491,2.1,0,0.605,0,297.09,403,19.58,96.1,23.8
"282",7.61,1.79383327370528,"3",-1.08634109098542,-1.4986288445605,5.2119,20,0.4429,1,377.07,216,3.33,49.7,46
"342",6.471,3.70141365929361,"8",0.637889913664838,-1.22492933060631,6.2669,0,0.518,0,389.96,422,1.89,59.7,16.5
"238",6.169,2.83860881851126,"7",-0.369994796830651,-0.997706535589136,6.1899,30,0.428,0,379.41,300,4.93,18.5,23.7
"328",5.896,3.09720566446305,"6",-1.12223315533557,-0.89012178462863,5.2146,0,0.46,0,382.44,430,3.24,25.8,19.3
"234",6.421,3.70267139013862,"3",-0.566103215570445,-0.695829524768667,3.6519,0,0.507,1,360.2,307,6.2,66.5,29
"275",6.575,2.37607998346522,"4",-0.81315184879065,-0.61251795246359,4.2673,40,0.447,0,396.9,254,6.41,42.8,32
"111",6.348,3.43817204186857,"4",-0.551486752365065,-0.525818250464659,2.6775,0,0.547,0,395.59,432,10.01,81.6,22.8
"315",5.786,3.61559350934799,"5",-0.93275842256768,-0.24401601094397,3.945,0,0.544,0,396.42,304,9.9,77.7,16.2
"205",6.833,2.61719309471249,"4",-0.563801111756315,-0.142360813351939,3.9454,0,0.489,0,396.9,277,10.59,22.3,22.6
"210",6.064,4.04670290115981,"4",-0.273963555361654,-0.142360813351939,3.8771,0,0.489,1,393.25,277,10.59,92.1,21.7
"272",6.411,3.50475789712255,"3",-0.812426939747432,-0.142360813351939,3.9175,20,0.464,0,394.96,223,6.96,58.7,24.4
"5",6.108,3.40414597400055,"3",-0.406471893318376,-0.0899986875399935,6.0622,0,0.458,0,394.12,222,2.18,58.7,28.7
"77",5.79,3.46475808595319,"4",-0.89552782493659,-0.0899986875399935,4.0905,0,0.437,0,386.96,398,12.83,45.8,20.8
"73",6.393,1.46114289647888,"4",-0.29369420124999,0.187985637785564,5.2873,0,0.413,0,377.17,305,10.81,6.2,23.4
"334",6.333,2.5442026348977,"5",-1.17591624610692,0.833916637360556,6.4584,0,0.515,0,389.4,224,5.19,38.5,20.7
"364",6.212,4.43649785590307,"24",1.30389483051364,0.833916637360556,1.9047,0,0.718,1,354.55,666,18.1,82.9,21.9
"386",5.987,5.19437380746687,"24",1.74910839838682,0.833916637360556,1.4672,0,0.7,0,396.9,666,18.1,100,10.5
"394",5.536,4.09643014889608,"24",1.13470779086938,0.833916637360556,1.7821,0,0.693,0,396.9,666,18.1,94.7,12.7
"404",5.987,5.27677605661596,"24",1.35620121079935,0.833916637360556,1.6074,0,0.693,0,329.46,666,18.1,85.4,8.5
"408",5.961,4.23287784150672,"24",1.21119103806884,0.833916637360556,1.4547,0,0.597,0,314.64,666,18.1,97.9,17.2
"411",6.618,3.48966651168965,"24",1.38277536154235,0.833916637360556,1.5275,0,0.597,0,35.05,666,18.1,100,17.2
"424",5.876,4.34010663761075,"24",1.26816847460051,0.833916637360556,2.0635,0,0.584,0,3.65,666,18.1,70.6,11.7
"436",6.015,5.27677605661596,"24",1.51347987974105,0.833916637360556,2.0026,0,0.74,0,27.49,666,18.1,93.3,9.6
"484",5.663,2.57789156243893,"24",0.873522118462933,0.833916637360556,3.724,0,0.583,0,370.73,666,18.1,41.9,20.6
"487",5.856,3.39125535254245,"24",0.575785257963076,0.833916637360556,3.1523,0,0.583,0,388.22,666,18.1,53.2,20.6
"106",5.786,4.21047142468078,"5",-0.873527715910176,1.368618600426,2.211,0,0.52,0,395.67,384,8.56,91.9,19.5
"13",6.164,3.06754651686044,"4",-0.195783405479923,1.45124616523898,4.7075,0,0.538,0,396.9,307,8.14,61.8,20.4
"30",5.304,4.26512075202203,"4",-0.383342510749357,1.45124616523898,4.233,0,0.538,0,360.17,307,8.14,94.1,12.7
"133",6.072,3.86904168839634,"4",-0.0641648317014494,1.62150192036674,2.4699,0,0.624,0,388.69,437,21.89,95.4,18.4
"90",6.377,4.1702576270359,"3",-1.08634109098542,-0.525818250464659,3.0923,0,0.489,0,392.18,270,3.41,66.1,22.6
"501",6.442,2.57789156243893,"5",-0.93275842256768,1.45124616523898,2.4786,0,0.573,0,391.99,273,11.93,69.1,22.4
"269",6.195,3.96906926502097,"1",-0.740315405311822,-0.142360813351939,3.9175,20,0.464,1,391.34,223,6.96,61.5,20.7
"182",7.024,1.82178979285759,"8",-0.738157997688579,-0.525818250464659,2.7006,0,0.488,0,394.12,193,2.46,92.2,37.9
"124",5.976,3.69385331988442,"2",-0.69761900641397,0.130160746119299,2.0063,0,0.581,0,379.38,188,25.65,95.8,18.8
"491",4.368,4.9656374936897,"6",-0.661198319646137,0.763410225319547,1.8681,0,0.609,0,390.11,711,27.74,98.8,13.6
"504",6.565,2.74628234534366,"5",-0.642909385632915,1.45124616523898,2.3889,0,0.573,0,393.45,273,11.93,89.3,22
"116",6.092,3.43817204186857,"4",-0.549906836154591,-0.525818250464659,2.7301,0,0.547,0,393.3,432,10.01,72.5,21.2
"105",6.376,3.54408219498746,"4",-0.545922346322668,1.368618600426,2.1069,0,0.52,0,394.05,384,8.56,96.7,19.5
"489",4.368,4.69759226400322,"4",-0.383342510749357,0.763410225319547,1.7554,0,0.609,0,344.05,711,27.74,98.3,7
"325",6.456,1.46114289647888,"4",-0.360853067613336,0.431102979977672,5.4159,0,0.493,0,393.68,287,7.38,14.7,24.6
"140",6.471,3.45639545357996,"4",-0.156607076134421,1.62150192036674,1.6119,0,0.624,0,388.08,437,21.89,93.6,14
"130",5.782,3.81204700575557,"4",-0.0811921769582539,1.62150192036674,2.1185,0,0.624,0,395.04,437,21.89,98.9,19.2
"314",6.375,3.33748517202772,"5",-0.0417503931162395,-0.24401601094397,3.6023,0,0.544,0,395.69,304,9.9,87.3,23.8
"308",6.348,3.86904168839634,"5",0.0954761316852015,-0.24401601094397,3.3175,0,0.544,0,396.9,304,9.9,82.5,22.8
"132",5.841,4.09643014889608,"4",0.179614936911932,1.62150192036674,2.3274,0,0.624,0,385.76,437,21.89,97.9,23
"17",5.787,3.46614892723792,"5",0.310928975474167,1.45124616523898,4.2579,0,0.538,0,386.75,307,8.14,81.7,17.5
"266",6.8,3.11513644455317,"5",0.311803455236347,-1.88714317572526,2.1329,20,0.647,0,384.07,264,3.97,84.6,30.7
"263",6.631,3.85845653600035,"5",0.334247870051978,-1.88714317572526,2.0788,20,0.647,0,393.42,264,3.97,94.5,31
"157",7.61,2.35053809653367,"2",0.511739418050659,-1.54701457236491,1.8773,0,0.605,0,363.43,403,19.58,97.4,41.3
"158",5.593,4.01483497528896,"5",0.553018734793929,-1.54701457236491,1.7573,0,0.605,0,353.89,403,19.58,100,24.3
"154",6.015,4.62969071879301,"8",0.575785257963076,-1.54701457236491,1.7494,0,0.871,1,321.02,403,19.58,96,17
"163",7.853,2.56952106214776,"8",0.607361443134627,-1.54701457236491,2.162,0,0.605,1,388.45,403,19.58,93.9,50
"141",5.813,3.99038314633056,"4",0.637889913664838,1.62150192036674,1.4394,0,0.624,0,396.9,437,21.89,100,14.4
"153",5.593,4.28407396674008,"5",0.758071224646486,-1.54701457236491,1.6232,0,0.871,0,261.95,403,19.58,98.5,19.4
"164",5.834,3.96906926502097,"24",0.776277517255939,-1.54701457236491,2.422,0,0.605,0,395.11,403,19.58,91.8,22.7
"147",5.701,4.39494591795916,"5",0.799703646891987,-1.54701457236491,1.4608,0,0.871,0,391.71,403,19.58,95.7,14.6
"145",5.889,5.08455739802592,"5",0.801631159691638,-1.54701457236491,1.4191,0,0.871,0,172.91,403,19.58,100,13.8
"156",6.004,4.3565844433166,"5",0.8135320278524,-1.54701457236491,1.7364,0,0.871,0,88.63,403,19.58,94,13.1
"155",6.727,4.3787117756316,"24",0.968533913019857,-1.54701457236491,1.7455,0,0.871,1,88.01,403,19.58,82.6,15.6
"362",5.913,4.1702576270359,"24",0.98505462582006,0.833916637360556,2.1036,0,0.77,0,380.79,666,18.1,96.2,20.8
"366",6.358,3.86904168839634,"24",0.987164780740247,0.833916637360556,1.7523,0,0.718,0,316.03,666,18.1,91.4,21.9
"361",5.965,4.13888231107415,"24",1.00257563894808,0.833916637360556,2.2955,0,0.77,0,350.65,666,18.1,91.1,19.9
"143",6.471,4.30387419535558,"5",1.02975554239238,-1.54701457236491,1.4118,0,0.871,0,396.9,403,19.58,100,15.6
"363",6.144,4.09321706889321,"24",1.04215131493884,0.833916637360556,1.9047,0,0.77,1,353.04,666,18.1,89,16.8
"467",5.872,3.69385331988442,"24",1.06119035413388,0.833916637360556,2.5403,0,0.584,0,331.29,666,18.1,94.5,19.1
"473",6.162,2.67975608828148,"24",1.0815276492846,0.833916637360556,2.5329,0,0.614,0,374.68,666,18.1,67.6,29.8
"455",6.619,3.82880918896173,"24",1.09072282411952,0.833916637360556,2.4358,0,0.713,0,50.92,666,18.1,86.5,14.1
"476",5.95,4.9656374936897,"24",1.10084481200348,0.833916637360556,2.3053,0,0.614,0,396.21,666,18.1,93.6,16.7
"452",5.786,4.12516395279021,"24",1.118783357068,0.833916637360556,2.3682,0,0.713,0,385.09,666,18.1,91.8,16.1
"481",6.565,2.96568099686014,"24",1.16537917921538,0.833916637360556,3.3317,0,0.532,0,393.07,666,18.1,74.9,23.7
"463",5.961,4.21047142468078,"24",1.17332038105581,0.833916637360556,2.8016,0,0.713,0,393.82,666,18.1,89.9,20.2
"475",5.304,4.39494591795916,"24",1.21119103806884,0.833916637360556,2.206,0,0.584,0,302.76,666,18.1,97.4,13.3
"458",6.092,3.96906926502097,"24",1.28855531848504,0.833916637360556,2.7831,0,0.713,0,272.21,666,18.1,83.7,14.9
"464",6.014,3.63507856464225,"24",1.29301921203609,0.833916637360556,2.9634,0,0.655,0,396.9,666,18.1,65.4,21.4
"393",5.536,4.6625677969456,"24",1.33201451446875,0.833916637360556,1.7912,0,0.693,0,396.9,666,18.1,92.6,13.8
"448",5.813,4.6625677969456,"24",1.36229418288493,0.833916637360556,2.2616,0,0.713,0,396.9,666,18.1,98.7,14.1
"439",5.786,3.48966651168965,"24",1.36490377735979,0.833916637360556,1.8172,0,0.74,0,396.9,666,18.1,93.9,12.8
"402",5.399,5.27677605661596,"24",1.37347451519496,0.833916637360556,1.639,0,0.693,0,376.11,666,18.1,100,12.1
"445",5.981,4.39494591795916,"24",1.41556333816962,0.833916637360556,1.9879,0,0.74,0,43.06,666,18.1,94.8,11.8
"416",5.965,4.60695956615958,"24",1.42153440626727,0.833916637360556,1.8195,0,0.679,0,21.57,666,18.1,90.8,7.5
"435",6.358,4.39494591795916,"24",1.43325617386191,0.833916637360556,2.1247,0,0.74,0,109.85,666,18.1,94.6,13.4
"422",5.936,3.34629105473597,"24",1.46346992390542,0.833916637360556,1.9512,0,0.614,0,291.55,666,18.1,87.6,20.8
"367",6.595,3.59594633056158,"24",1.50896405141576,0.833916637360556,1.5106,0,0.631,0,131.42,666,18.1,100,23.1
"434",6.02,4.10497825759137,"24",1.52019859756907,0.833916637360556,2.2222,0,0.713,0,100.63,666,18.1,95,11.7
"401",5.987,5.19437380746687,"24",1.52923259354833,0.833916637360556,1.5741,0,0.693,0,396.9,666,18.1,100,7.2
"378",5.631,3.91669015108046,"24",1.73003641739563,0.833916637360556,1.3861,0,0.671,0,396.9,666,18.1,96.2,13.1
"414",6.824,5.08455739802592,"24",2.00419999588948,0.833916637360556,1.6582,0,0.693,0,88.27,666,18.1,100,7
"405",4.368,4.89238142804911,"24",2.19223333175465,0.833916637360556,1.4254,0,0.693,0,384.97,666,18.1,100,5
"125",6.393,3.52111044983175,"2",-0.423970680833503,0.130160746119299,1.9929,0,0.581,0,385.02,188,25.65,88.4,21.4
"278",6.575,1.4836495332713,"4",-0.806405262083077,-0.61251795246359,4.1403,40,0.447,0,396.9,254,6.41,32.1,29.1
"492",5.706,3.36089244811274,"4",-0.634909866974509,0.763410225319547,2.1099,0,0.609,0,396.9,711,27.74,83.5,20.1
"127",5.786,3.81204700575557,"4",-0.212853793637417,1.62150192036674,1.7883,0,0.624,0,392.11,437,21.89,96,16.2
"14",6.833,3.59594633056158,"4",0.215879314531124,1.45124616523898,4.4619,0,0.538,0,380.02,307,8.14,84.5,18.2
"26",5.787,3.69385331988442,"4",0.239869957997484,1.45124616523898,4.682,0,0.538,0,376.88,307,8.14,90.3,16.6
"19",6.411,3.05256571998037,"4",0.27542816205318,1.45124616523898,3.7965,0,0.538,0,390.95,307,8.14,69.5,18.2
"24",5.706,4.13888231107415,"4",0.290653449577162,1.45124616523898,4.3996,0,0.538,0,394.33,307,8.14,94.1,15.6
"25",6.335,4.05106658926026,"4",0.342612756449429,1.45124616523898,4.4546,0,0.538,0,303.42,307,8.14,85.7,13.9
"131",5.79,4.40634437237896,"4",0.500441605373313,1.62150192036674,2.271,0,0.624,0,396.9,437,21.89,97.7,19.6
"22",5.706,3.82880918896173,"4",0.514961178527527,1.45124616523898,3.9769,0,0.538,0,396.9,307,8.14,91.7,15.2
"34",5.79,5.13132001327312,"4",0.633621456384801,1.45124616523898,3.7598,0,0.538,0,248.31,307,8.14,96.9,13.5
"336",5.927,2.35287367393696,"5",-1.25383310223836,0.833916637360556,5.2311,0,0.515,0,396.9,224,5.19,46.3,19.5
"177",6.169,3.1200015415108,"5",-1.00843763859377,-0.997706535589136,3.3175,0,0.51,0,395.6,296,4.05,73.4,24.6
"35",6.229,2.96568099686014,"5",-0.920010773208177,0.187985637785564,3.3603,0,0.499,0,396.9,279,5.96,68.2,18.9
"217",6.727,3.1200015415108,"5",-0.873527715910176,-1.06591919064377,3.4211,0,0.55,0,392.78,276,13.89,85.1,28.7
"107",5.741,3.33748517202772,"5",-0.551486752365065,1.368618600426,2.1224,0,0.52,0,387.69,384,8.56,85.2,20.4
"102",6.438,3.43817204186857,"5",-0.273963555361654,1.368618600426,2.7147,0,0.52,0,70.8,384,8.56,85.4,18.6
"323",5.783,3.70141365929361,"5",-0.168397045747662,0.431102979977672,4.7211,0,0.493,0,391.13,287,7.38,74.3,18.5
"304",7.274,1.81251836199392,"7",-0.999742912620412,-0.24401601094397,4.022,33,0.472,0,393.68,222,2.18,41.1,36.1
"359",6.606,2.74628234534366,"24",1.04593205570304,0.833916637360556,2.5091,0,0.77,0,390.74,666,18.1,81.3,22.6
"360",6.879,2.13070907911079,"24",1.07215547032633,0.833916637360556,2.5182,0,0.77,0,374.56,666,18.1,88,25
"365",6.516,3.63766448693914,"24",1.07341409398711,0.833916637360556,1.6132,0,0.718,0,354.7,666,18.1,87.9,27.5
"460",5.895,4.01151481788684,"24",1.09583725578577,0.833916637360556,2.5975,0,0.713,0,255.23,666,18.1,90,16.4
"451",5.914,4.13888231107415,"24",1.14593090537205,0.833916637360556,2.3552,0,0.713,0,355.29,666,18.1,98.2,15.2
"433",6.031,4.5537469488906,"24",1.15624401516999,0.833916637360556,2.3158,0,0.713,0,100.19,666,18.1,87.9,14.3
"442",5.602,4.43649785590307,"24",1.16239818470639,0.833916637360556,2.0048,0,0.74,0,395.69,666,18.1,100,18.4
"480",6.121,2.9499817972882,"24",1.17351931608324,0.833916637360556,3.4242,0,0.532,0,396.9,666,18.1,64.7,23
"446",6.377,4.58491752884065,"24",1.20450913632257,0.833916637360556,2.072,0,0.74,0,318.01,666,18.1,96.4,14.9
"462",6.069,3.38981858417877,"24",1.22735498195229,0.833916637360556,2.7344,0,0.713,0,396.9,666,18.1,83,19.5
"450",6.635,3.91669015108046,"24",1.2311333393862,0.833916637360556,2.3236,0,0.713,0,0.32,666,18.1,92.6,13.4
"390",5.637,4.2480425190673,"24",1.24549561341797,0.833916637360556,1.9265,0,0.7,0,394.43,666,18.1,97,15.1
"421",6.471,4.58491752884065,"24",1.2489656791006,0.833916637360556,1.8746,0,0.718,0,319.98,666,18.1,95.3,14.2
"423",6.004,4.6625677969456,"24",1.25055301381156,0.833916637360556,2.0218,0,0.614,0,2.52,666,18.1,85.1,13.4
"428",6.833,4.09321706889321,"24",1.26816847460051,0.833916637360556,1.9356,0,0.679,0,96.73,666,18.1,78.1,11
"449",5.926,4.28407396674008,"24",1.27671164495348,0.833916637360556,2.185,0,0.713,0,304.21,666,18.1,98.3,13
"383",4.88,5.27677605661596,"24",1.30074584166071,0.833916637360556,1.5331,0,0.7,0,396.9,666,18.1,100,12.3
"457",6.516,4.13888231107415,"24",1.31100093462952,0.833916637360556,2.7792,0,0.713,0,3.5,666,18.1,80.3,13.5
"372",7.82,2.61719309471249,"24",1.31422930153939,0.833916637360556,1.1296,0,0.668,1,347.88,666,18.1,89.6,50
"371",7.875,1.81251836199392,"24",1.35815364331647,0.833916637360556,1.1691,0,0.631,0,366.15,666,18.1,100,50
"429",5.593,4.00375043806286,"24",1.36271093781534,0.833916637360556,1.9682,0,0.679,0,60.72,666,18.1,95.6,9.5
"454",6.456,4.58491752884065,"24",1.37006710054033,0.833916637360556,2.4961,0,0.713,0,6.68,666,18.1,94.1,14.9
"377",6.405,4.12622187385129,"24",1.38277536154235,0.833916637360556,1.358,0,0.671,0,396.9,666,18.1,98.8,13.3
"399",5.987,4.60695956615958,"24",1.38651151104938,0.833916637360556,1.5004,0,0.693,0,338.16,666,18.1,77.8,6.3
"443",5.682,3.74751469298498,"24",1.38850362956805,0.833916637360556,1.9784,0,0.74,0,386.73,666,18.1,100,15.4
"373",5.036,5.27677605661596,"24",1.43140057189027,0.833916637360556,1.1742,0,0.668,0,396.9,666,18.1,100,13.8
"444",5.813,5.19437380746687,"24",1.48740706617274,0.833916637360556,1.8956,0,0.74,0,240.52,666,18.1,96.6,10.8
"438",5.961,4.8820945735777,"24",1.51347987974105,0.833916637360556,1.8206,0,0.74,0,68.95,666,18.1,87.9,8.4
"479",6.059,3.34629105473597,"24",1.53192093564319,0.833916637360556,1.9512,0,0.614,0,383.32,666,18.1,88,21.4
"409",6.595,3.86904168839634,"24",1.53478477167175,0.833916637360556,1.4655,0,0.597,0,179.36,666,18.1,100,27.5
"477",6.405,4.3787117756316,"24",1.55043152293854,0.833916637360556,2.1007,0,0.614,0,349.48,666,18.1,97.3,12
"437",6.411,5.08455739802592,"24",1.55444361468444,0.833916637360556,1.9142,0,0.74,0,9.32,666,18.1,100,8.7
"376",6.047,3.48966651168965,"24",1.55730899607216,0.833916637360556,1.3449,0,0.671,0,363.02,666,18.1,93.3,13.9
"379",5.399,4.62969071879301,"24",1.61876675299813,0.833916637360556,1.3861,0,0.671,0,393.74,666,18.1,100,10.2
"415",6.431,4.89238142804911,"24",1.6235536098344,0.833916637360556,1.8347,0,0.679,0,27.25,666,18.1,100,7.2
"374",5.036,5.13132001327312,"24",1.63248709431532,0.833916637360556,1.137,0,0.668,0,396.9,666,18.1,100,13.8
"412",6.871,4.39494591795916,"24",1.63911539124475,0.833916637360556,1.5539,0,0.597,0,28.79,666,18.1,100,17.9
"440",5.093,5.19437380746687,"24",1.70214342327538,0.833916637360556,1.8662,0,0.74,0,391.45,666,18.1,92.4,10.5
"403",4.88,5.19437380746687,"24",1.74910839838682,0.833916637360556,1.7028,0,0.693,0,396.9,666,18.1,96,8.3
"427",6.004,4.10497825759137,"24",1.92050297192308,0.833916637360556,1.8629,0,0.679,0,18.82,666,18.1,78.7,10.9
"410",7.061,4.69759226400322,"24",2.05366507699716,0.833916637360556,1.413,0,0.597,0,2.6,666,18.1,100,15
"3",7.241,1.22239639347408,"3",-1.28466117089126,-0.0899986875399935,6.0622,0,0.458,0,394.63,222,2.18,45.8,33.4
"226",8.069,1.30302924526009,"8",-0.0252794932954932,-0.695829524768667,3.2157,0,0.504,0,387.38,307,6.2,86.5,37.6
"283",7.875,1.31541277936379,"1",-1.70749712180623,-1.78046140438548,5.885,90,0.401,1,395.52,198,1.21,24.8,50
"369",7.853,1.53505695176331,"24",1.16265648347329,0.833916637360556,1.3567,0,0.631,1,375.33,666,18.1,96.8,50
"229",6.616,1.54587838126817,"8",0.0437029988635788,-0.695829524768667,3.3751,0,0.504,0,380.34,307,6.2,21.4,31.5
"277",7.148,1.68415641953307,"4",-0.944292098836412,-0.61251795246359,4.8628,40,0.447,1,393.45,254,6.41,27.6,33.1
"257",7.853,1.97834720834664,"5",0.196253440286667,-1.88714317572526,1.801,20,0.647,0,389.7,264,3.97,86.9,50
"189",6.982,2.05333307080846,"5",-0.781538869372424,-1.42225756521518,4.5667,45,0.437,0,396.9,398,3.44,38.9,34.9
"350",6.29,2.20760664737077,"1",-0.93713710040687,0.494955615629276,8.7921,40,0.429,0,396.9,335,1.25,44.4,22.9
"326",6.169,2.24986775619655,"5",-0.136109565180084,0.431102979977672,5.4159,0,0.493,0,396.9,287,7.38,28.9,23
"159",6.63,2.53356015340591,"5",0.57925552221331,-1.54701457236491,1.7659,0,0.871,0,364.31,403,19.58,100,23.3
"335",5.834,2.66178591679101,"5",-1.17591624610692,0.833916637360556,5.9853,0,0.515,0,396.9,224,5.19,34.5,21.1
"53",6.358,2.74435549976171,"4",-1.05366615223488,-0.926703754699467,6.8147,21,0.439,0,396.9,243,5.64,21.4,23.4
"293",6.081,2.77307481746662,"4",-0.788077790720798,-1.1943938643994,5.5027,0,0.437,0,396.9,289,13.92,18.4,23.9
"63",6.375,2.94121059343912,"8",-0.569857701758896,0.494955615629276,7.9809,25,0.453,0,395.58,284,5.13,43.4,25
"358",6.395,3.26426419664732,"24",1.12762408855773,0.833916637360556,2.7227,0,0.77,1,395.43,666,18.1,83.4,22.7
"493",6.495,3.34335953652875,"6",-0.411455336950667,0.187985637785564,2.3817,0,0.585,0,396.9,391,9.69,54,21.8
"472",6.833,3.66464769149628,"24",0.972481057837178,0.833916637360556,2.8965,0,0.58,0,393.37,666,18.1,75,23.2
"447",5.631,3.91669015108046,"24",1.38684298317176,0.833916637360556,2.198,0,0.74,0,388.52,666,18.1,96.6,12.6
"136",5.39,3.96906926502097,"4",-0.106515801661242,1.62150192036674,1.9669,0,0.624,0,378.25,437,21.89,93.5,17.4
"9",6.232,3.99149985080341,"5",-0.420964942198468,-1.42225756521518,6.5921,12.5,0.524,0,386.71,311,7.87,85.9,18.9
"380",5.536,4.00375043806286,"24",2.40362517969104,0.833916637360556,1.4165,0,0.671,0,396.9,666,18.1,91.9,10.4
"488",5.036,4.09643014889608,"4",-0.480933234852322,0.763410225319547,1.8209,0,0.609,0,395.09,711,27.74,92.7,15.2
"391",6.495,4.1702576270359,"24",1.13470779086938,0.833916637360556,2.1678,0,0.7,0,378.38,666,18.1,82.5,23.2
"389",5.95,4.3787117756316,"24",1.30861860311047,0.833916637360556,1.7281,0,0.7,0,396.9,666,18.1,98.9,11.5
"381",5.399,4.4006514086449,"24",1.57213846434682,0.833916637360556,1.5192,0,0.671,0,396.9,666,18.1,99.1,10.9
"209",5.663,4.58491752884065,"4",0.037147236314132,-0.142360813351939,3.875,0,0.489,1,396.9,277,10.59,100,20
"406",5.399,4.60695956615958,"24",1.67732521081752,0.833916637360556,1.1781,0,0.659,0,370.22,666,18.1,100,11.9
"144",5.036,5.08455739802592,"5",0.867689799724878,-1.54701457236491,1.3459,0,0.871,0,396.9,403,19.58,97.8,11.8
"398",5.093,5.17874207289225,"24",1.9281843063954,0.833916637360556,1.4896,0,0.693,0,396.9,666,18.1,100,5
"387",5.093,5.27677605661596,"24",1.71188672515517,0.833916637360556,1.5184,0,0.7,0,396.9,666,18.1,89.5,7.4
"384",4.368,5.18159064937947,"24",1.66505245342637,0.833916637360556,1.4395,0,0.7,0,285.83,666,18.1,91.2,8.8
"388",4.88,5.18087877469651,"24",1.53192093564319,0.833916637360556,1.5895,0,0.7,0,372.92,666,18.1,100,10.2
"368",4.97,1.35604628784392,"24",1.10308845635889,0.833916637360556,1.3325,0,0.631,0,375.52,666,18.1,100,50
"310",4.973,3.43394614791895,"4",0.845127789516917,-0.24401601094397,2.5194,0,0.544,0,350.45,304,9.9,37.8,16.1
"392",5.036,4.80490503104829,"24",1.44775841696885,0.833916637360556,1.77,0,0.7,0,396.9,666,18.1,97,9.7
"490",5.093,5.11314613644956,"4",-0.322137746287165,0.763410225319547,1.8226,0,0.609,0,318.43,711,27.74,98,8.1
"413",5.155,4.30387419535558,"24",1.80741741062625,0.833916637360556,1.5894,0,0.597,0,210.97,666,18.1,100,16.3
"385",5.277,5.19437380746687,"24",1.59475409965225,0.833916637360556,1.4261,0,0.7,0,396.9,666,18.1,98.1,7.2
"417",5.304,4.8820945735777,"24",1.76715168467932,0.833916637360556,1.6475,0,0.679,0,127.36,666,18.1,89.1,10.4
"496",5.39,4.40634437237896,"6",-0.158780122998019,0.187985637785564,2.7986,0,0.585,0,396.9,391,9.69,72.9,19.7
"48",5.399,5.19437380746687,"3",-0.222909837165795,-0.481155986929274,5.87,0,0.448,0,396.9,233,6.91,95.3,14.4
"211",5.404,4.6625677969456,"4",-0.0332999676439515,-0.142360813351939,3.665,0,0.489,1,395.24,277,10.59,88.6,19.3
"474",5.427,4.10497825759137,"24",1.30389483051364,0.833916637360556,2.4298,0,0.584,0,352.58,666,18.1,95.4,13.8
"382",5.536,4.62969071879301,"24",1.35620121079935,0.833916637360556,1.5804,0,0.7,0,396.9,666,18.1,100,11.3
"20",5.57,4.39494591795916,"4",0.521878431718159,1.45124616523898,3.7979,0,0.538,0,376.57,307,8.14,98.1,13.6
"172",5.572,3.7064406117718,"5",-0.521667919480987,-0.997706535589136,2.5961,0,0.51,0,396.9,296,4.05,88.5,23.1
"244",5.593,3.41412227368256,"7",-0.325436770736545,0.130160746119299,7.9549,22,0.431,0,372.49,330,5.86,76.5,17.6
"68",5.594,3.49653837097157,"4",-0.534908351423173,0.0178965792890688,6.498,12.5,0.409,0,396.9,345,6.07,36.8,17.4
"49",5.602,3.88891128449072,"3",-0.29369420124999,-0.481155986929274,6.0877,0,0.448,0,396.9,233,6.91,62,19.4
"184",5.604,3.61559350934799,"3",-0.785389470655728,-0.525818250464659,2.9879,0,0.488,0,391,193,2.46,89.8,26.4
"245",5.605,4.13888231107415,"7",-0.36222604460813,0.130160746119299,7.9549,22,0.431,0,389.13,330,5.86,70.2,18.5
"407",5.608,3.36089244811274,"24",1.46027777257684,0.833916637360556,1.2852,0,0.659,0,332.09,666,18.1,100,27.9
"8",5.631,5.13132001327312,"5",-0.31321840075209,-1.42225756521518,6.0821,12.5,0.524,0,386.63,311,7.87,100,16.5
"129",5.637,4.12622187385129,"4",0.364134105668252,1.62150192036674,1.9799,0,0.624,0,396.9,437,21.89,94.7,14.3
"354",5.663,2.669791809027,"4",-1.13183242629733,2.37435025588153,10.5857,80,0.413,0,382.8,334,1.91,21.9,18.2
"45",5.682,3.06256425547388,"3",-0.416928431008184,-0.481155986929274,5.1004,0,0.448,0,396.9,233,6.91,33.8,19.3
"33",5.701,4.12727934955292,"4",0.484746194714281,1.45124616523898,3.7872,0,0.538,0,358.77,307,8.14,95,13.1
"331",5.706,3.40414597400055,"1",-1.04921059515345,-0.89012178462863,6.6407,35,0.4379,0,394.02,304,6.06,28.4,17.1
"119",5.731,3.56683064029039,"6",-0.501701934661376,-0.525818250464659,2.7592,0,0.547,0,391.5,432,10.01,65.2,19.3
"60",5.741,3.50475789712255,"8",-0.486091977796337,0.494955615629276,7.2254,25,0.453,0,395.11,284,5.13,66.2,18.7
"134",5.757,4.01483497528896,"4",0.410466167700012,1.62150192036674,2.346,0,0.624,0,262.76,437,21.89,98.4,15.6
"465",5.759,3.63507856464225,"24",0.922144908828823,0.833916637360556,3.0665,0,0.655,0,334.4,666,18.1,48.2,19.9
"483",5.762,3.09720566446305,"24",0.873522118462933,0.833916637360556,4.0983,0,0.532,0,392.92,666,18.1,40.3,21.8
"317",5.782,3.85845653600035,"4",-0.239870958239417,-0.24401601094397,4.0317,0,0.544,0,396.9,304,9.9,71.7,19.8
"207",5.783,4.09643014889608,"4",-0.226543774977417,-0.142360813351939,4.3549,0,0.489,0,389.43,277,10.59,72.7,22.5
"46",5.786,3.63766448693914,"3",-0.369994796830651,-0.481155986929274,5.1004,0,0.448,0,396.9,233,6.91,33.3,20
"66",5.787,3.06754651686044,"4",-1.12223315533557,-1.16323735407812,6.6115,80,0.398,0,396.9,337,3.37,31.1,19.4
"297",5.79,3.8466409867859,"4",-0.51486017497612,-1.1943938643994,6.32,0,0.437,0,396.9,289,13.92,58,20.3
"497",5.794,3.63119437635926,"6",-0.195783405479923,0.187985637785564,2.8927,0,0.585,0,396.9,391,9.69,70.6,18.3
"212",5.807,3.86904168839634,"4",-0.299514037675117,-0.142360813351939,3.6526,0,0.489,1,390.94,277,10.59,53.8,22.4
"23",5.813,4.28407396674008,"4",0.416099004770437,1.45124616523898,4.0952,0,0.538,0,394.54,307,8.14,100,14.5
"15",5.834,2.7520523236812,"4",0.208132786614066,1.45124616523898,4.4986,0,0.538,0,395.62,307,8.14,56.5,19.9
"426",5.837,3.82880918896173,"24",1.4699311720762,0.833916637360556,1.9976,0,0.584,0,24.65,666,18.1,59.7,10.2
"36",5.841,3.25360802262431,"5",-0.703126124065858,0.187985637785564,3.3779,0,0.499,0,377.56,279,5.96,61.4,20
"270",5.856,3.48415435883694,"3",-0.143035057552292,-0.142360813351939,4.429,20,0.464,0,388.65,223,6.96,42.1,21.1
"174",5.859,2.96568099686014,"5",-0.776798108927056,-0.997706535589136,2.7019,0,0.51,0,393.23,296,4.05,68.7,22.6
"118",5.872,3.79032352121281,"6",-0.553769425197108,-0.525818250464659,2.4775,0,0.547,0,338.63,432,10.01,73.1,20.4
"255",5.876,2.89681195165228,"1",-1.23511718570048,-1.06591919064377,9.2203,80,0.392,0,395.18,315,3.64,19.1,20.9
"167",5.877,3.36234746865499,"5",0.681552706086877,-1.54701457236491,2.4259,0,0.605,0,227.61,403,19.58,79.2,23.8
"67",5.878,2.67975608828148,"4",-0.974159099984927,0.0178965792890688,6.498,12.5,0.409,0,396.21,345,6.07,21.4,22
"352",5.884,2.61719309471249,"4",-0.856615454884709,-0.293348642158638,10.7103,60,0.411,0,392.33,411,1.69,18.5,18.6
"69",5.885,2.81263744109383,"4",-0.563247074078497,0.0178965792890688,6.498,12.5,0.409,0,396.9,345,6.07,33,20.9
"54",5.888,3.72021043714433,"3",-1.76276120154515,1.53552944977859,7.3197,75,0.41,0,396.9,469,4,47.6,18.9
"12",5.889,3.83119434777177,"5",-0.722821344955904,-1.42225756521518,5.4509,12.5,0.524,0,390.5,311,7.87,39,21.7
"337",5.895,3.1200015415108,"5",-1.31850898877402,0.833916637360556,5.615,0,0.515,0,394.81,224,5.19,59.6,18.5
"425",5.896,4.69759226400322,"24",1.5717883072033,0.833916637360556,1.9096,0,0.679,0,7.68,666,18.1,95.4,8.3
"346",5.898,3.43817204186857,"3",-0.941298440286822,-0.0365864931420291,8.0136,0,0.442,0,364.61,352,4.39,52.3,17.2
"112",5.913,3.89007506090737,"6",-0.582903572028058,-0.525818250464659,2.3534,0,0.547,0,394.95,432,10.01,92.9,18.8
"316",5.914,4.12516395279021,"4",-0.113095414443476,-0.24401601094397,3.9986,0,0.544,0,390.7,304,9.9,83.2,17.8
"494",5.926,3.56416578079626,"6",-0.175900499594692,0.187985637785564,2.3817,0,0.585,0,396.9,391,9.69,42.6,24.5
"468",5.926,4.10391133802201,"24",1.56465386031977,0.833916637360556,2.9084,0,0.58,0,368.74,666,18.1,71,19.1
"59",5.927,2.89142206491776,"8",-0.673254203821376,0.494955615629276,6.932,25,0.453,0,396.9,284,5.13,47.2,19.6
"115",5.928,3.83714700255807,"6",-0.417161495971075,-0.525818250464659,2.4631,0,0.547,0,344.91,432,10.01,88.2,18.3
"16",5.935,2.35287367393696,"4",0.444987504414276,1.45124616523898,4.4986,0,0.538,0,386.85,307,8.14,29.3,23.1
"355",5.936,2.10172676468467,"4",-0.657101013680244,2.37435025588153,10.5857,80,0.413,0,376.04,334,1.91,19.5,20.6
"32",5.95,4.9656374936897,"4",0.567637988437975,1.45124616523898,3.99,0,0.538,0,232.6,307,8.14,82,13.2
"418",5.957,4.3565844433166,"24",2.23934996774825,0.833916637360556,1.8026,0,0.679,0,16.45,666,18.1,100,8.8
"71",5.961,3.00699913864092,"4",-0.45531208840365,0.187985637785564,5.2873,0,0.413,0,376.94,305,10.81,17.5,21.7
"21",5.965,3.59594633056158,"4",0.348802532757035,1.45124616523898,4.0123,0,0.538,0,392.53,307,8.14,89.2,19.6
"38",5.966,3.04922273246206,"5",-0.406471893318376,0.187985637785564,3.8473,0,0.499,0,393.43,279,5.96,30.2,24.7
"61",5.966,3.67484687572046,"8",-0.416084529479112,0.494955615629276,6.8185,25,0.453,0,378.08,284,5.13,93.4,16
"340",5.968,2.9039775081548,"5",-0.942237381503267,0.833916637360556,4.8122,0,0.515,0,396.9,224,5.19,58.5,18.7
"456",5.976,4.19610909257731,"24",1.0834582885859,0.833916637360556,2.5806,0,0.713,0,10.48,666,18.1,87.9,12.7
"230",5.981,3.28993612666074,"8",0.135626186614536,-0.695829524768667,3.6715,0,0.504,0,378.35,307,6.2,68.1,24.3
"400",5.987,4.89238142804911,"24",1.75304366103184,0.833916637360556,1.5888,0,0.693,0,396.9,666,18.1,100,5.6
"121",6.004,3.65312102596691,"2",-0.862334898869117,0.130160746119299,2.1974,0,0.581,0,377.67,188,25.65,84.1,20.3
"294",6.009,3.09392983387927,"4",-0.792232718651851,-1.1943938643994,5.5027,0,0.437,0,396.9,289,13.92,42.3,21.7
"11",6.009,3.52111044983175,"5",-0.607493757566169,-1.42225756521518,6.2267,12.5,0.524,0,396.9,311,7.87,82.9,18.9
"6",6.012,3.40414597400055,"5",-0.753930219985669,-1.42225756521518,5.5605,12.5,0.524,0,395.6,311,7.87,66.6,22.9
"345",6.014,3.11513644455317,"3",-1.30581721311022,-0.0365864931420291,8.0136,0,0.442,0,385.64,352,4.39,48.5,17.5
"86",6.015,3.46475808595319,"3",-1.03207621909602,-0.193693261025715,4.4272,0,0.449,0,395.99,247,4.49,45.1,22.5
"176",6.02,3.04587464418292,"5",-0.872857932698432,-0.997706535589136,3.5549,0,0.51,0,393.23,296,4.05,47.2,23.2
"332",6.031,2.62537258770055,"1",-1.24772631149289,-0.89012178462863,6.6407,35,0.4379,0,362.25,304,6.06,23.3,19.4
"27",6.047,4.01151481788684,"4",0.400924763079914,1.45124616523898,4.4534,0,0.538,0,306.38,307,8.14,88.8,14.8
"338",6.059,2.75972112897435,"5",-1.27325227786251,0.833916637360556,4.8122,0,0.515,0,396.14,224,5.19,37.3,20.6
"208",6.064,3.70267139013862,"4",-0.533679338479273,-0.142360813351939,4.2392,0,0.489,1,381.32,277,10.59,59.1,24.4
"72",6.065,2.08840668059948,"4",-0.734714474596479,0.187985637785564,5.2873,0,0.413,0,390.91,305,10.81,7.8,22.8
"44",6.069,2.9499817972882,"3",-0.585381623382917,-0.481155986929274,5.7209,0,0.448,0,389.39,233,6.91,40,21.2
"31",6.072,3.48966651168965,"4",0.556915495826945,1.45124616523898,4.175,0,0.538,0,376.73,307,8.14,100,14.5
"459",6.081,3.70769569801038,"24",1.23609730488857,0.833916637360556,2.7175,0,0.713,0,396.9,666,18.1,84.4,20
"327",6.083,3.45499873992477,"5",-0.248315164027441,0.431102979977672,5.4159,0,0.493,0,396.9,287,7.38,43.7,22.2
"113",6.092,3.99038314633056,"6",-0.288455534924314,-0.525818250464659,2.548,0,0.547,0,396.9,432,10.01,95.4,18.7
"241",6.095,3.3998571320472,"6",-0.65936232364762,-0.997706535589136,6.3361,30,0.428,0,394.62,300,4.93,65.1,20.1
"254",6.108,2.35053809653367,"1",-1.07122790398794,-1.06591919064377,9.2203,80,0.392,0,392.89,315,3.64,32,21.9
"246",6.108,2.88060153240959,"7",-0.081517521550571,0.130160746119299,8.0555,22,0.431,0,390.18,330,5.86,34.9,24.3
"486",6.114,3.74257336001008,"24",1.16421049007105,0.833916637360556,3.5459,0,0.583,0,392.68,666,18.1,79.8,19.1
"51",6.115,2.92887081956687,"4",-1.12737956951032,-0.926703754699467,6.8147,21,0.439,0,393.97,243,5.64,63,20.5
"87",6.121,2.74628234534366,"3",-0.86335536246953,-0.193693261025715,3.7476,0,0.449,0,395.15,247,4.49,56.8,22.2
"103",6.137,3.54408219498746,"5",-0.312354397586079,1.368618600426,2.7147,0,0.52,0,394.47,384,8.56,87.4,19.3
"330",6.144,2.86790817995092,"4",-1.10250301101527,-0.89012178462863,5.8736,0,0.46,0,368.57,430,3.24,32.2,19.8
"181",6.144,2.93240366729066,"3",-0.882924520276451,-0.525818250464659,2.5979,0,0.488,0,396.9,193,2.46,62.2,36.2
"58",6.145,2.41718381815899,"8",-0.469119370583586,0.494955615629276,7.8148,25,0.453,0,390.68,284,5.13,29.2,23.3
"139",6.151,4.13888231107415,"4",0.14213510198575,1.62150192036674,1.6687,0,0.624,0,396.9,437,21.89,97.9,17.8
"185",6.153,3.50475789712255,"3",-0.951202538580825,-0.525818250464659,3.2797,0,0.488,0,387.11,193,2.46,68.8,29.6
"201",6.162,2.54207856674812,"2",-1.25100561254104,-1.54701457236491,6.27,82.5,0.415,0,393.77,348,2.03,38.4,24.1
"221",6.164,4.43649785590307,"8",0.00560021260170892,-0.695829524768667,3.048,0,0.507,1,395.24,307,6.2,91.3,21.7
"83",6.167,2.55900970520885,"4",-1.23466166618405,0.073471767344769,5.4007,25,0.426,0,390.64,281,4.86,46.7,22.9
"104",6.167,3.38981858417877,"5",-0.520002092729611,1.368618600426,2.421,0,0.52,0,392.69,384,8.56,90,20.1
"470",6.167,3.8993653687955,"24",1.05429836981599,0.833916637360556,3.0334,0,0.58,0,396.9,666,18.1,84,19.9
"42",6.169,2.16440734043817,"3",-0.513182139115341,-0.481155986929274,5.7209,0,0.448,0,383.37,233,6.91,6.6,25.3
"7",6.172,4.21047142468078,"5",-0.502433224764114,-1.42225756521518,5.9505,12.5,0.524,0,396.9,311,7.87,96.1,27.1
"478",6.185,4.09321706889321,"24",1.39895175811503,0.833916637360556,2.1705,0,0.614,0,379.7,666,18.1,96.7,14.6
"110",6.195,3.48415435883694,"5",-0.650710911866936,1.368618600426,2.7778,0,0.52,0,393.49,384,8.56,54.4,21.7
"287",6.209,2.47949778218025,"6",-1.18824905324895,-0.997706535589136,7.3172,52.5,0.405,0,396.9,293,5.32,31.3,23.2
"93",6.211,2.26456806552854,"4",-1.34900744345514,-0.341710340923556,3.6659,28,0.464,0,396.33,270,15.04,28.9,25
"43",6.211,2.5442026348977,"3",-0.453421295714023,-0.481155986929274,5.7209,0,0.448,0,394.46,233,6.91,6.5,24.7
"356",6.212,4.04670290115981,"24",1.34727713931694,0.833916637360556,2.1222,0,0.77,1,377.73,666,18.1,97.4,17.8
"247",6.226,3.05256571998037,"7",-0.348824429813104,0.130160746119299,8.0555,22,0.431,0,376.14,330,5.86,79.2,20.5
"471",6.229,3.46614892723792,"24",1.02376557792443,0.833916637360556,3.0993,0,0.532,0,395.33,666,18.1,90.7,19.6
"109",6.229,3.81204700575557,"5",-0.204489505821609,1.368618600426,2.5451,0,0.52,0,391.23,384,8.56,91.2,19.4
"286",6.23,3.47447649493975,"1",-1.55773001412657,-0.341710340923556,9.0892,80,0.385,0,341.6,241,1.76,31.5,20.1
"78",6.232,3.39125535254245,"5",-0.987349123591684,-0.0899986875399935,5.0141,0,0.437,0,386.4,398,12.83,53.7,21.2
"94",6.249,3.12485597689028,"4",-1.13270278357,-0.341710340923556,3.615,28,0.464,0,396.9,270,15.04,77.3,20.6
"74",6.273,2.39901955047957,"5",-0.811768850979969,-0.0899986875399935,4.2515,0,0.437,0,394.92,398,12.83,6,24.1
"76",6.279,3.33748517202772,"5",-0.68201554212126,-0.0899986875399935,4.0522,0,0.437,0,373.66,398,12.83,74.5,20
"65",6.29,1.84628685596603,"4",-1.22967731944375,-1.16323735407812,6.6115,80,0.398,0,396.9,337,3.37,17.8,23.5
"82",6.302,2.38528742469947,"4",-1.21852530714859,0.073471767344769,5.4007,25,0.426,0,396.9,281,4.86,32.2,24.8
"288",6.315,2.57789156243893,"6",-1.09713589161437,-0.997706535589136,7.3172,52.5,0.405,0,396.9,293,5.32,45.6,22.3
"329",6.333,2.52286192044977,"4",-0.89552782493659,-0.89012178462863,5.2146,0,0.46,0,375.21,430,3.24,17.2,22.6
"135",6.335,3.9758198679888,"4",0.153383531835531,1.62150192036674,2.1107,0,0.624,0,394.67,437,21.89,98.2,18.1
"298",6.345,1.9353598435541,"5",-0.916021811562984,-1.52306810828665,7.8278,70,0.4,0,368.24,358,2.24,20.1,22.5
"430",6.348,4.05106658926026,"24",1.32492272254873,0.833916637360556,2.0527,0,0.584,0,83.45,666,18.1,86.1,14.5
"242",6.358,3.22442742699829,"6",-0.675143348017347,-0.997706535589136,7.0355,30,0.428,0,372.75,300,4.93,52.9,22.2
"213",6.375,2.92001331719541,"4",-0.516687689195487,-0.142360813351939,3.9454,0,0.489,0,385.81,277,10.59,32.3,28.1
"321",6.376,2.41944283217696,"5",-0.38819662094683,0.431102979977672,4.5404,0,0.493,0,396.9,287,7.38,54.3,23.1
"461",6.376,3.70141365929361,"24",0.986733084000734,0.833916637360556,2.5671,0,0.713,0,391.43,666,18.1,88.4,17.7
"10",6.377,4.34010663761075,"5",-0.282355124482593,-1.42225756521518,6.3467,12.5,0.524,0,392.52,311,7.87,94.3,15
"56",6.383,2.15410120372019,"2",-1.5329922218888,-0.736255384343403,9.1876,85,0.41,0,396.9,313,0.74,35.7,24.7
"84",6.389,2.96220209812947,"3",-1.04542245932965,-0.193693261025715,4.7794,0,0.449,0,396.9,247,4.49,48,23.9
"243",6.393,1.99807581377937,"6",-0.565586270512225,-0.997706535589136,7.0355,30,0.428,0,374.71,300,4.93,7.8,23.7
"357",6.395,3.52111044983175,"24",1.00396237613269,0.833916637360556,2.5052,0,0.77,1,391.34,666,18.1,91,21.7
"169",6.402,3.23983279142847,"5",0.814027997273468,-1.54701457236491,2.2625,0,0.605,0,330.04,403,19.58,95.2,22.3
"396",6.405,4.23287784150672,"24",1.17684560946746,0.833916637360556,1.6768,0,0.693,0,396.9,666,18.1,96,12.5
"441",6.406,4.2480425190673,"24",1.37874788440396,0.833916637360556,2.0651,0,0.74,0,385.96,666,18.1,97.2,17.1
"420",6.411,3.74751469298498,"24",1.43066367003374,0.833916637360556,1.8589,0,0.718,0,318.75,666,18.1,100,16.7
"324",6.415,2.24247603239018,"5",-0.0797380461808361,0.431102979977672,4.7211,0,0.493,0,396.9,287,7.38,40.1,25
"70",6.417,2.38528742469947,"4",-0.754105737683146,0.187985637785564,5.2873,0,0.413,0,383.73,305,10.81,6.6,24.2
"1",6.421,2.87698252582774,"2",-1.37699123279582,-0.525818250464659,4.9671,0,0.469,0,396.9,242,7.07,78.9,21.6
"432",6.425,3.34629105473597,"24",1.21438922774894,0.833916637360556,2.2004,0,0.584,0,97.95,666,18.1,74.8,16.1
"128",6.431,3.79274691295484,"4",-0.102364150247121,1.62150192036674,1.8125,0,0.624,0,396.9,437,21.89,98.8,18
"248",6.433,2.94472334302253,"7",-0.437858807551857,0.130160746119299,7.8265,22,0.431,0,374.71,330,5.86,49.1,24.5
"251",6.438,1.4836495332713,"7",-0.306604034199992,0.130160746119299,7.3967,22,0.431,0,377.07,330,5.86,8.9,24.8
"92",6.442,2.69165071952762,"4",-1.14415435440604,-0.341710340923556,3.6659,28,0.464,0,395.01,270,15.04,53.6,22.9
"285",6.453,2.70544272851825,"1",-1.88443483232417,-1.39574945375807,7.3073,55,0.389,0,394.72,300,2.25,31.9,22
"137",6.454,3.69385331988442,"4",-0.0641648317014494,1.62150192036674,1.8498,0,0.624,0,394.08,437,21.89,98.4,17.1
"62",6.456,2.38758266975748,"8",-0.639749350050662,0.494955615629276,7.2255,25,0.453,0,396.9,284,5.13,67.8,22.2
"395",6.471,3.99373174770804,"24",1.3353145407998,0.833916637360556,1.7257,0,0.693,0,391.98,666,18.1,98.8,13.1
"108",6.474,3.38117902571451,"5",-0.563801111756315,1.368618600426,2.4329,0,0.52,0,395.24,384,8.56,97.1,19.8
"250",6.487,2.18739734429996,"7",-0.517478183377313,0.130160746119299,7.3967,22,0.431,0,396.28,330,5.86,13,24.4
"302",6.495,2.790120778499,"7",-0.729009839932393,-1.16323735407812,5.4917,34,0.433,0,383.61,329,6.09,18.4,26.4
"28",6.495,3.45639545357996,"4",0.304336945261535,1.45124616523898,4.4547,0,0.538,0,387.94,307,8.14,94.4,18.4
"52",6.511,2.0231414599836,"4",-1.01481157836723,-0.926703754699467,6.8147,21,0.439,0,396.9,243,5.64,21.1,25
"347",6.516,2.30084478259932,"4",-1.58515696802313,-0.481155986929274,8.5353,85,0.429,0,392.43,351,4.15,27.7,23.1
"175",6.546,2.03692454707193,"5",-0.900219442686603,-0.997706535589136,3.1323,0,0.51,0,390.96,296,4.05,33.1,29.4
"188",6.556,1.81251836199392,"5",-0.572713029421591,-1.42225756521518,4.5667,45,0.437,0,382.84,398,3.44,29.1,29.8
"183",6.563,2.13070907911079,"3",-0.689395902009124,-0.525818250464659,2.847,0,0.488,0,396.9,193,2.46,95.6,32.5
"289",6.565,2.94296768133818,"6",-1.13232959180986,-0.997706535589136,7.3172,52.5,0.405,0,371.72,293,5.32,22.9,24.8
"0",6.575,1.93825661174344,"1",-2.19951157130446,-1.39574945375807,4.09,18,0.538,0,396.9,296,2.31,65.2,24
"351",6.579,2.08036984631574,"4",-0.808230205790479,-0.293348642158638,10.7103,60,0.411,0,370.78,411,1.69,35.9,24.1
"301",6.59,2.94121059343912,"7",-1.23679087283016,-1.16323735407812,5.4917,34,0.433,0,395.75,329,6.09,40.4,22
"39",6.595,1.7365988567838,"3",-1.37064168792022,-0.293348642158638,5.4011,75,0.428,0,395.63,252,2.95,21.8,30.8
"194",6.604,1.75587826607416,"1",-1.73110191590629,-1.31292709856617,6.2196,60,0.401,0,376.7,265,2.93,18.8,29.1
"239",6.606,2.52928758790583,"6",-0.729788916439565,-0.997706535589136,6.1899,30,0.428,0,383.78,300,4.93,42.2,23.3
"305",6.616,2.83860881851126,"7",-1.00320285512325,-0.24401601094397,3.37,33,0.472,0,393.36,222,2.18,58.1,28.4
"223",6.618,2.57789156243893,"8",0.198647671455844,-0.695829524768667,3.2721,0,0.507,0,396.9,307,6.2,80.8,30.1
"81",6.619,2.49695463013926,"4",-1.11221292701079,0.073471767344769,5.4007,25,0.426,0,395.63,281,4.86,70.4,23.9
"95",6.625,2.36914642157865,"2",-0.588080592537793,-0.435595771986813,3.4952,0,0.445,0,357.98,276,2.89,57.8,28.4
"292",6.63,1.85538972794189,"4",-1.22503853266423,0.187985637785564,5.1167,80,0.411,0,396.9,245,4.95,23.4,27.9
"85",6.63,2.34116824416398,"3",-0.979099447662566,-0.193693261025715,4.4377,0,0.449,0,392.3,247,4.49,56.1,26.6
"236",6.631,2.94823039835515,"8",0.121071810009603,-0.695829524768667,4.148,0,0.507,1,388.45,307,6.2,76.5,25.1
"348",6.635,2.21011810451908,"4",-1.70749712180623,-0.852800591791647,8.344,80,0.435,0,390.94,280,2.01,29.7,24.5
"343",6.696,2.48824498167994,"5",-1.41593677666986,-0.61251795246359,5.7321,55,0.484,0,396.9,370,3.78,56.4,23.9
"249",6.718,2.34819977229563,"7",-0.363785201989218,0.130160746119299,7.8265,22,0.431,0,393.74,330,5.86,17.5,26.2
"80",6.727,2.02590611631263,"4",-1.15573790796708,0.073471767344769,5.4007,25,0.426,0,396.9,281,4.86,33.5,28
"100",6.727,2.92710222547161,"5",-0.488320027076743,1.368618600426,2.7778,0,0.52,0,394.76,384,8.56,79.9,27.5
"353",6.728,1.79383327370528,"5",-1.63513170996716,-0.852800591791647,12.1265,90,0.41,0,384.46,187,2.02,36.1,30.1
"191",6.739,1.85236043558938,"5",-0.881182162199306,-1.42225756521518,6.4798,45,0.437,0,389.71,398,3.44,30.8,30.5
"274",6.758,1.46114289647888,"4",-0.987536070021765,-0.61251795246359,4.0776,40,0.447,1,396.9,254,6.41,32.9,32.4
"41",6.77,1.89728599584246,"3",-0.566103215570445,-0.481155986929274,5.7209,0,0.448,0,385.41,233,6.91,2.9,26.6
"187",6.782,2.37607998346522,"5",-0.81315184879065,-1.42225756521518,3.7886,45,0.437,0,393.87,398,3.44,41.1,32
"193",6.8,1.95267344321327,"1",-1.49868100204964,-1.31292709856617,6.2196,60,0.401,0,393.37,265,2.93,9.9,31.1
"279",6.812,1.90024260478172,"5",-0.315232802777806,-1.4986288445605,4.1007,20,0.4429,0,396.9,216,3.33,32.2,35.1
"57",6.816,1.61290798071918,"5",-1.73383323776871,-1.44823343224669,8.3248,100,0.411,0,392.9,256,1.32,40.5,31.6
"419",6.824,4.5537469488906,"24",1.45566866235984,0.833916637360556,1.794,0,0.718,0,48.45,666,18.1,76.5,8.4
"431",6.833,4.26512075202203,"24",1.39229116143125,0.833916637360556,2.0882,0,0.584,0,81.33,666,18.1,94.3,14.1
"290",6.861,1.38392061319881,"4",-1.24215263973925,0.187985637785564,5.1167,80,0.411,0,396.9,245,4.95,27.9,28.5
"300",6.871,2.23009407350438,"5",-1.11762115226577,-1.52306810828665,7.8278,70,0.4,0,390.86,358,2.24,47.4,24.8
"344",6.874,1.8279447812707,"5",-1.31708338639151,-0.61251795246359,6.4654,55,0.484,0,387.97,370,3.78,28.1,31.2
"222",6.879,3.01550932969761,"8",0.205291651694652,-0.695829524768667,3.2721,0,0.507,1,390.39,307,6.2,77.7,27.5
"240",6.897,3.24902563166555,"6",-0.625958095700758,-0.997706535589136,6.3361,30,0.428,0,391.25,300,4.93,54.3,22
"349",6.939,2.18485632869642,"1",-1.3444860289298,0.494955615629276,8.7921,40,0.429,0,389.85,335,1.25,34.5,26.6
"190",6.951,1.97267222437275,"5",-0.740144738947964,-1.42225756521518,6.4798,45,0.437,0,377.68,398,3.44,21.5,37
"252",6.957,1.46114289647888,"7",-0.790843857260639,0.130160746119299,8.9067,22,0.431,0,386.09,330,5.86,6.8,29.6
"281",6.968,1.82178979285759,"5",-1.21180293627608,-1.4986288445605,5.2447,20,0.4429,0,392.23,216,3.33,37.2,35.4
"199",6.975,1.81251836199392,"3",-1.29941373385197,-0.852800591791647,7.6534,95,0.403,0,396.9,402,1.47,15.3,34.9
"303",6.982,1.90319450985413,"7",-0.689806356319916,-1.16323735407812,5.4917,34,0.433,0,390.43,329,6.09,17.7,33.1
"40",7.024,0.739104017250585,"3",-1.26465650545818,-0.293348642158638,5.4011,75,0.428,0,395.62,252,2.95,15.8,34.9
"299",7.041,1.86745735186065,"5",-0.995356117901198,-1.52306810828665,7.8278,70,0.4,0,371.58,358,2.24,10,29
"482",7.061,2.45080549121945,"24",1.16700786012726,0.833916637360556,3.4106,0,0.532,0,395.28,666,18.1,77,25
"284",7.088,2.62945023924811,"1",-1.99263587419363,-1.39574945375807,7.3073,90,0.4,0,394.72,285,2.97,20.8,32.2
"64",7.104,2.669791809027,"3",-1.56168397500598,-0.142360813351939,9.2229,17.5,0.4161,0,393.24,216,1.38,59.5,33
"197",7.107,2.77877208221958,"2",-1.08839053911873,-1.95119453467277,7.309,80,0.404,0,354.31,329,1.52,36.6,30.3
"200",7.135,1.77811483250587,"3",-1.61313784308879,-0.852800591791647,7.6534,95,0.403,0,384.3,402,1.47,13.9,32.9
"4",7.147,2.03692454707193,"3",-0.88163610395583,-0.0899986875399935,6.0622,0,0.458,0,396.9,222,2.18,54.2,36.2
"291",7.148,1.47243283127218,"4",-0.812426939747432,0.187985637785564,5.1167,80,0.411,0,396.9,245,4.95,27.7,37.3
"227",7.163,2.30084478259932,"8",0.0110182073652438,-0.695829524768667,3.2157,0,0.504,0,372.08,307,6.2,79.9,31.6
"192",7.178,1.19167394244065,"5",-0.763677815290095,-1.42225756521518,6.4798,45,0.437,0,390.49,398,3.44,26.3,36.4
"2",7.185,1.64038749568107,"2",-1.37739065327762,-0.525818250464659,4.9671,0,0.469,0,392.83,242,7.07,61.1,34.7
"260",7.203,2.95697326276409,"5",0.1383296778002,-1.88714317572526,2.1121,20,0.647,0,392.8,264,3.97,81.8,33.8
"341",7.241,2.08036984631574,"1",-1.78767987144046,-1.34109488233123,7.0379,35,0.442,0,394.74,284,1.52,49.3,32.7
"55",7.249,1.8883877729515,"5",-1.78337463925958,-0.481155986929274,8.6966,90,0.403,0,395.93,226,1.22,21.9,35.4
"276",7.267,2.22511923058885,"4",-0.666307715424616,-0.61251795246359,4.7872,40,0.447,1,389.25,254,6.41,49,33.2
"198",7.274,2.36218866261501,"2",-1.20273636009996,-1.95119453467277,7.309,80,0.404,0,392.2,329,1.52,38.3,34.6
"196",7.287,1.65734896180618,"2",-1.1691906031601,-1.95119453467277,7.309,80,0.404,0,396.9,329,1.52,34.1,33.3
"231",7.412,2.01482315779931,"8",0.0658533867773778,-0.695829524768667,3.6715,0,0.504,0,376.14,307,6.2,76.9,31.7
"306",7.42,2.32703001097738,"7",-0.838312754307627,-0.24401601094397,3.0992,33,0.472,0,396.9,222,2.18,71.9,33.4
"256",7.454,1.29472254172168,"3",-1.69388910890387,-1.22492933060631,6.3361,90,0.394,0,386.34,244,3.75,34.2,44
"202",7.61,1.29472254172168,"2",-1.50120378027857,-1.54701457236491,6.27,82.5,0.415,0,395.38,348,2.03,15.7,42.3
"273",7.691,2.35287367393696,"3",-0.288987861891264,-0.142360813351939,4.3665,20,0.464,1,390.77,223,6.96,51.8,35.2
"180",7.765,2.56952106214776,"3",-0.906226095705115,-0.525818250464659,2.741,0,0.488,0,395.56,193,2.46,83.3,39.8
"98",7.82,1.47617981501038,"2",-0.792991927680551,-0.435595771986813,3.4952,0,0.445,0,393.53,276,2.89,36.9,43.8
"280",7.82,1.54587838126817,"5",-1.23057998920222,-1.4986288445605,4.6947,20,0.4429,0,387.31,216,3.33,64.5,45.4
"203",7.853,1.5637668426471,"4",-1.24092217379969,-1.54701457236491,5.118,95,0.4161,0,392.78,224,2.68,33.2,48.5
"195",7.875,1.23539042638482,"4",-1.75416231758828,-1.61599016005755,5.6484,80,0.422,0,394.23,255,0.46,32,50
"204",8.034,1.19609804500561,"4",-1.54549171819281,-1.54701457236491,5.118,95,0.4161,0,390.55,224,2.68,31.9,50
"97",8.069,1.7007095453789,"2",-0.593145304677562,-0.435595771986813,3.4952,0,0.445,0,396.9,276,2.89,76,38.7
"253",8.259,1.46491441283056,"7",-0.0420875636227515,0.130160746119299,8.9067,22,0.431,0,396.9,330,5.86,8.4,42.8
"267",8.297,2.5442026348977,"5",0.170275972359147,-1.88714317572526,2.4216,20,0.575,0,384.54,264,3.97,67,50
