original_idx,CRIM,ZN,INDUS,CHAS,NOX,RM,AGE,DIS,RAD,TAX,PTRATIO,B,LSTAT,MEDV
0,-2.199511571304455,18.0,2.31,0,0.5379999999999999,6.575,65.2,4.09,1,296,-1.3957494537580664,396.9,1.938256611743444,24.0
1,-1.3769912327958165,0.0,7.07,0,0.469,6.421,78.9,4.9671,2,242,-0.5258182504646595,396.9,2.8769825258277377,21.6
2,-1.3773906532776234,0.0,7.07,0,0.469,7.185,61.1,4.9671,2,242,-0.5258182504646595,392.83,1.6403874956810713,34.7
3,-1.2846611708912632,0.0,2.18,0,0.45799999999999996,6.9979999999999976,45.8,6.0622,3,222,-0.08999868753999354,394.63,1.222396393474077,33.4
4,-0.8816361039558303,0.0,2.18,0,0.45799999999999996,7.147,54.2,6.0622,3,222,-0.08999868753999354,396.9,2.0369245470719317,36.2
5,-1.3285991640072043,0.0,2.18,0,0.45799999999999996,6.43,58.7,6.0622,3,222,-0.08999868753999354,394.12,2.003674797646323,28.7
6,-0.7539302199856693,12.5,7.87,0,0.524,6.0120000000000005,66.6,5.5605,5,311,-1.4222575652151794,395.6,3.404145974000547,22.9
7,-0.5024332247641144,12.5,7.87,0,0.524,6.1720000000000015,96.1,5.9505,5,311,-1.4222575652151794,396.9,4.21047142468078,27.1
8,-0.3132184007520897,12.5,7.87,0,0.524,5.631,100.0,6.0821,5,311,-1.4222575652151794,386.63,5.131320013273121,16.5
9,-0.42096494219846803,12.5,7.87,0,0.524,6.004,85.9,6.5921,5,311,-1.4222575652151794,386.71,3.991499850803411,18.9
10,-0.2823551244825927,12.5,7.87,0,0.524,6.3770000000000024,94.3,6.3467,5,311,-1.4222575652151794,392.52,4.340106637610752,15.0
11,-0.6074937575661692,12.5,7.87,0,0.524,6.0089999999999995,82.9,6.2267,5,311,-1.4222575652151794,396.9,3.52111044983175,18.9
12,-0.7228213449559038,12.5,7.87,0,0.524,5.888999999999999,39.0,5.4509,5,311,-1.4222575652151794,390.5,3.831194347771766,21.7
13,0.20988168227757936,0.0,8.14,0,0.5379999999999999,5.949,61.8,4.7075,4,307,1.4512461652389805,396.9,2.711325869538903,20.4
14,0.21587931453112355,0.0,8.14,0,0.5379999999999999,6.096,84.5,4.4619,4,307,1.4512461652389805,380.02,3.0708617657640547,18.2
15,0.20813278661406612,0.0,8.14,0,0.5379999999999999,5.834,56.5,4.4986,4,307,1.4512461652389805,395.62,2.752052323681203,19.9
16,0.44498750441427565,0.0,8.14,0,0.5379999999999999,5.935,29.3,4.4986,4,307,1.4512461652389805,386.85,2.352873673936957,23.1
17,0.3109289754741666,0.0,8.14,0,0.5379999999999999,5.99,81.7,4.2579,4,307,1.4512461652389805,386.75,3.7039284586336088,17.5
18,0.3215978489870174,0.0,8.14,0,0.5379999999999999,5.456,36.6,3.7965,4,307,1.4512461652389805,288.99,3.2959344979944953,20.2
19,0.27542816205317966,0.0,8.14,0,0.5379999999999999,5.727,69.5,3.7965,4,307,1.4512461652389805,390.95,3.2336833061733574,18.2
20,0.5218784317181591,0.0,8.14,0,0.5379999999999999,5.57,98.1,3.7979,4,307,1.4512461652389805,376.57,4.394945917959156,13.6
21,0.34880253275703516,0.0,8.14,0,0.5379999999999999,5.965,89.2,4.0123,4,307,1.4512461652389805,392.53,3.5959463305615773,19.6
22,0.5149611785275265,0.0,8.14,0,0.5379999999999999,6.142,91.7,3.9769,4,307,1.4512461652389805,396.9,4.166096740265133,15.2
23,0.4160990047704366,0.0,8.14,0,0.5379999999999999,5.813,100.0,4.0952,4,307,1.4512461652389805,394.54,4.284073966740078,14.5
24,0.29065344957716155,0.0,8.14,0,0.5379999999999999,5.9239999999999995,94.1,4.3996,4,307,1.4512461652389805,394.33,3.900524178378976,15.6
25,0.3426127564494292,0.0,8.14,0,0.5379999999999999,5.599,85.7,4.4546,4,307,1.4512461652389805,303.42,3.9247333014662806,13.9
26,0.23986995799748442,0.0,8.14,0,0.5379999999999999,5.813,90.3,4.6819999999999995,4,307,1.4512461652389805,376.88,3.7214583160520016,16.6
27,0.4009247630799143,0.0,8.14,0,0.5379999999999999,6.0470000000000015,88.8,4.4534,4,307,1.4512461652389805,306.38,4.011514817886842,14.8
28,0.30433694526153543,0.0,8.14,0,0.5379999999999999,6.495,94.4,4.4547,4,307,1.4512461652389805,387.94,3.456395453579964,18.4
29,0.4224502039824784,0.0,8.14,0,0.5379999999999999,6.6739999999999995,87.3,4.239,4,307,1.4512461652389805,380.23,3.3389551826529553,21.0
30,0.47655439219522805,0.0,8.14,0,0.5379999999999999,5.712999999999999,94.1,4.2330000000000005,4,307,1.4512461652389805,360.17,4.541174928217068,12.7
31,0.5569154958269448,0.0,8.14,0,0.5379999999999999,6.072,100.0,4.175,4,307,1.4512461652389805,376.73,3.4896665116896526,14.5
32,0.5676379884379749,0.0,8.14,0,0.5379999999999999,5.95,82.0,3.99,4,307,1.4512461652389805,232.6,4.965637493689695,13.2
33,0.4847461947142814,0.0,8.14,0,0.5379999999999999,5.7010000000000005,95.0,3.7872,4,307,1.4512461652389805,358.77,4.127279349552924,13.1
34,0.6336214563848014,0.0,8.14,0,0.5379999999999999,6.096,96.9,3.7598,4,307,1.4512461652389805,248.31,4.329388077056559,13.5
35,-0.9200107732081769,0.0,5.96,0,0.499,5.933,68.2,3.3603,5,279,0.18798563778556404,396.9,2.9726221070375938,18.9
36,-0.7031261240658577,0.0,5.96,0,0.499,5.841,61.4,3.3779,5,279,0.18798563778556404,377.56,3.253608022624308,20.0
37,-0.8040687498170104,0.0,5.96,0,0.499,5.85,41.5,3.9342,5,279,0.18798563778556404,396.9,2.8089012173871035,21.0
38,-0.4064718933183756,0.0,5.96,0,0.499,5.966,30.2,3.8473,5,279,0.18798563778556404,393.43,3.049222732462062,24.7
39,-1.3706416879202195,75.0,2.95,0,0.428,6.595,21.8,5.4011,3,252,-0.2933486421586383,395.63,1.7365988567837962,30.8
40,-1.2646565054581798,75.0,2.95,0,0.428,7.024,15.8,5.4011,3,252,-0.2933486421586383,395.62,0.7391040172505853,34.9
41,-0.5661032155704446,0.0,6.91,0,0.44799999999999995,6.77,2.9,5.7209,3,233,-0.48115598692927425,385.41,1.8972859958424626,26.6
42,-0.513182139115341,0.0,6.91,0,0.44799999999999995,6.169,6.6,5.7209,3,233,-0.48115598692927425,383.37,2.1644073404381743,25.3
43,-0.45342129571402257,0.0,6.91,0,0.44799999999999995,6.211,6.5,5.7209,3,233,-0.48115598692927425,394.46,2.5442026348977014,24.7
44,-0.5853816233829169,0.0,6.91,0,0.44799999999999995,6.069,40.0,5.7209,3,233,-0.48115598692927425,389.39,2.949981797288204,21.2
45,-0.4169284310081837,0.0,6.91,0,0.44799999999999995,5.682,33.8,5.1004,3,233,-0.48115598692927425,396.9,3.062564255473875,19.3
46,-0.3699947968306511,0.0,6.91,0,0.44799999999999995,5.7860000000000005,33.3,5.1004,3,233,-0.48115598692927425,396.9,3.6376644869391375,20.0
47,-0.2728688667279097,0.0,6.91,0,0.44799999999999995,6.03,85.5,5.6894,3,233,-0.48115598692927425,392.74,4.174411668322588,16.6
48,-0.22290983716579485,0.0,6.91,0,0.44799999999999995,5.399,95.3,5.87,3,233,-0.48115598692927425,396.9,5.194373807466868,14.4
49,-0.29369420124998996,0.0,6.91,0,0.44799999999999995,5.602,62.0,6.0877,3,233,-0.48115598692927425,396.9,3.888911284490716,19.4
50,-0.7513631251048318,21.0,5.64,0,0.439,5.962999999999999,45.7,6.8147,4,243,-0.9267037546994666,395.56,3.5454264712589225,19.7
51,-1.1273795695103155,21.0,5.64,0,0.439,6.115,63.0,6.8147,4,243,-0.9267037546994666,393.97,2.9288708195668693,20.5
52,-1.0148115783672296,21.0,5.64,0,0.439,6.511,21.1,6.8147,4,243,-0.9267037546994666,396.9,2.023141459983595,25.0
53,-1.053666152234881,21.0,5.64,0,0.439,5.9979999999999976,21.4,6.8147,4,243,-0.9267037546994666,396.9,2.7443554997617063,23.4
54,-1.7627612015451475,75.0,4.0,0,0.41,5.888,47.6,7.3197,3,469,1.5355294497785872,396.9,3.7202104371443276,18.9
55,-1.7833746392595795,90.0,1.22,0,0.40299999999999997,7.249,21.9,8.6966,5,226,-0.48115598692927425,395.93,1.8883877729514986,35.4
56,-1.5329922218887975,85.0,0.74,0,0.41,6.382999999999999,35.7,9.1876,2,313,-0.7362553843434029,396.9,2.1541012037201885,24.7
57,-1.733833237768708,100.0,1.32,0,0.41100000000000003,6.816,40.5,8.3248,5,256,-1.4482334322466932,392.9,1.6129079807191822,31.6
58,-0.46911937058358594,25.0,5.13,0,0.45299999999999996,6.145,29.2,7.8148,8,284,0.49495561562927587,390.68,2.4171838181589904,23.3
59,-0.6732542038213762,25.0,5.13,0,0.45299999999999996,5.9270000000000005,47.2,6.932,8,284,0.49495561562927587,396.9,2.8914220649177595,19.6
60,-0.48609197779633684,25.0,5.13,0,0.45299999999999996,5.7410000000000005,66.2,7.2254,8,284,0.49495561562927587,395.11,3.504757897122546,18.7
61,-0.41608452947911245,25.0,5.13,0,0.45299999999999996,5.966,93.4,6.8185,8,284,0.49495561562927587,378.08,3.674846875720457,16.0
62,-0.6397493500506618,25.0,5.13,0,0.45299999999999996,6.456,67.8,7.2255,8,284,0.49495561562927587,396.9,2.3875826697574847,22.2
63,-0.5698577017588957,25.0,5.13,0,0.45299999999999996,6.7620000000000005,43.4,7.9809,8,284,0.49495561562927587,395.58,2.941210593439117,25.0
64,-1.5616839750059799,17.5,1.38,0,0.4161,7.104,59.5,9.2229,3,216,-0.1423608133519389,393.24,2.6697918090270023,33.0
65,-1.2296773194437516,80.0,3.37,0,0.39799999999999996,6.29,17.8,6.6115,4,337,-1.163237354078121,396.9,1.8462868559660297,23.5
66,-1.1222331553355689,80.0,3.37,0,0.39799999999999996,5.787000000000001,31.1,6.6115,4,337,-1.163237354078121,396.9,3.0675465168604403,19.4
67,-0.9741590999849273,12.5,6.07,0,0.409,5.877999999999999,21.4,6.4979999999999976,4,345,0.017896579289068827,396.21,2.679756088281482,22.0
68,-0.5349083514231731,12.5,6.07,0,0.409,5.593999999999999,36.8,6.4979999999999976,4,345,0.017896579289068827,396.9,3.4965383709715705,17.4
69,-0.5632470740784973,12.5,6.07,0,0.409,5.885,33.0,6.4979999999999976,4,345,0.017896579289068827,396.9,2.812637441093827,20.9
70,-0.7541057376831465,0.0,10.81,0,0.413,6.4170000000000025,6.6,5.2873,4,305,0.18798563778556404,383.73,2.3852874246994733,24.2
71,-0.45531208840364956,0.0,10.81,0,0.413,5.961,17.5,5.2873,4,305,0.18798563778556404,376.94,3.006999138640917,21.7
72,-0.7347144745964789,0.0,10.81,0,0.413,6.065,7.8,5.2873,4,305,0.18798563778556404,390.91,2.0884066805994768,22.8
73,-0.35180923728404684,0.0,10.81,0,0.413,6.245,6.2,5.2873,4,305,0.18798563778556404,377.17,2.565322980459282,23.4
74,-0.811768850979969,0.0,12.83,0,0.4370000000000001,6.273,6.0,4.2515,5,398,-0.08999868753999354,394.92,2.399019550479574,24.1
75,-0.7155183753059148,0.0,12.83,0,0.4370000000000001,6.2860000000000005,45.0,4.5026,5,398,-0.08999868753999354,383.23,2.840451854344189,21.4
76,-0.6820155421212598,0.0,12.83,0,0.4370000000000001,6.279,74.5,4.0522,5,398,-0.08999868753999354,373.66,3.337485172027718,20.0
77,-0.7611188889095482,0.0,12.83,0,0.4370000000000001,6.14,45.8,4.0905,5,398,-0.08999868753999354,386.96,3.0725175190962477,20.8
78,-0.9873491235916838,0.0,12.83,0,0.4370000000000001,6.232,53.7,5.0141,5,398,-0.08999868753999354,386.4,3.3912553525424505,21.2
79,-0.7804882842752118,0.0,12.83,0,0.4370000000000001,5.874,36.6,4.5026,5,398,-0.08999868753999354,396.06,2.8697261272768904,20.3
80,-1.1557379079670795,25.0,4.86,0,0.426,6.727,33.5,5.4007,4,281,0.07347176734476896,396.9,2.0259061163126275,28.0
81,-1.1122129270107879,25.0,4.86,0,0.426,6.619,70.4,5.4007,4,281,0.07347176734476896,395.63,2.4969546301392596,23.9
82,-1.2185253071485933,25.0,4.86,0,0.426,6.3020000000000005,32.2,5.4007,4,281,0.07347176734476896,396.9,2.3852874246994733,24.8
83,-1.2346616661840455,25.0,4.86,0,0.426,6.1670000000000025,46.7,5.4007,4,281,0.07347176734476896,390.64,2.559009705208852,22.9
84,-1.045422459329649,0.0,4.49,0,0.449,6.388999999999999,48.0,4.7794,3,247,-0.19369326102571494,396.9,2.96220209812947,23.9
85,-0.9790994476625662,0.0,4.49,0,0.449,6.63,56.1,4.4377,3,247,-0.19369326102571494,392.3,2.3411682441639794,26.6
86,-1.0320762190960246,0.0,4.49,0,0.449,6.015,45.1,4.4272,3,247,-0.19369326102571494,395.99,3.4647580859531923,22.5
87,-0.8633553624695299,0.0,4.49,0,0.449,6.121,56.8,3.7476,3,247,-0.19369326102571494,395.15,2.746282345343656,22.2
88,-0.9860424364516126,0.0,3.41,0,0.489,7.0070000000000014,86.3,3.4217,2,270,-0.5258182504646595,396.9,2.083052551080709,23.6
89,-1.0205677656691736,0.0,3.41,0,0.489,7.079,63.1,3.4145,2,270,-0.5258182504646595,396.06,2.135931934117349,28.7
90,-1.0863410909854228,0.0,3.41,0,0.489,6.4170000000000025,66.1,3.0923,2,270,-0.5258182504646595,392.18,2.8163671057470543,22.6
91,-1.1798578952645071,0.0,3.41,0,0.489,6.405,73.9,3.0921,2,270,-0.5258182504646595,393.55,2.6995430034107866,22.0
92,-1.1441543544060353,28.0,15.04,0,0.46399999999999997,6.442,53.6,3.6659,4,270,-0.3417103409235555,395.01,2.6916507195276225,22.9
93,-1.3490074434551387,28.0,15.04,0,0.46399999999999997,6.211,28.9,3.6659,4,270,-0.3417103409235555,396.33,2.264568065528535,25.0
94,-1.1327027835699968,28.0,15.04,0,0.46399999999999997,6.249,77.3,3.615,4,270,-0.3417103409235555,396.9,3.124855976890279,20.6
95,-0.5880805925377928,0.0,2.89,0,0.445,6.625,57.8,3.4952,2,276,-0.43559577198681326,357.98,2.3691464215786486,28.4
96,-0.6181421103473947,0.0,2.89,0,0.445,6.162999999999999,69.6,3.4952,2,276,-0.43559577198681326,391.83,3.2429012434413282,21.4
97,-0.5931453046775619,0.0,2.89,0,0.445,8.068999999999999,76.0,3.4952,2,276,-0.43559577198681326,396.9,1.700709545378902,38.7
98,-0.7929919276805514,0.0,2.89,0,0.445,7.82,36.9,3.4952,2,276,-0.43559577198681326,393.53,1.4761798150103773,43.8
99,-0.8850538985948949,0.0,2.89,0,0.445,7.416,62.5,3.4952,2,276,-0.43559577198681326,396.9,2.259680196795157,33.2
100,-0.4883200270767434,0.0,8.56,0,0.52,6.727,79.9,2.7778,5,384,1.3686186004260046,394.76,2.927102225471608,27.5
101,-0.6213426044254576,0.0,8.56,0,0.52,6.7810000000000015,71.3,2.8561,5,384,1.3686186004260046,395.58,2.592458430042027,26.5
102,-0.27396355536165395,0.0,8.56,0,0.52,6.405,85.4,2.7147,5,384,1.3686186004260046,70.8,3.131312065072595,18.6
103,-0.3123543975860792,0.0,8.56,0,0.52,6.1370000000000005,87.4,2.7147,5,384,1.3686186004260046,394.47,3.5440821949874555,19.3
104,-0.5200020927296111,0.0,8.56,0,0.52,6.1670000000000025,90.0,2.421,5,384,1.3686186004260046,392.69,3.389818584178768,20.1
105,-0.5459223463226683,0.0,8.56,0,0.52,5.851,96.7,2.1069,5,384,1.3686186004260046,394.05,3.9201404475985075,19.5
106,-0.4175696354812448,0.0,8.56,0,0.52,5.836,91.9,2.211,5,384,1.3686186004260046,395.67,4.15984251803158,19.5
107,-0.5514867523650652,0.0,8.56,0,0.52,6.1270000000000024,85.2,2.1224,5,384,1.3686186004260046,387.69,3.629898228752448,20.4
108,-0.5638011117563145,0.0,8.56,0,0.52,6.474,97.1,2.4329,5,384,1.3686186004260046,395.24,3.3811790257145096,19.8
109,-0.2044895058216086,0.0,8.56,0,0.52,6.229,91.2,2.5451,5,384,1.3686186004260046,391.23,3.812047005755567,19.4
110,-0.650710911866936,0.0,8.56,0,0.52,6.195,54.4,2.7778,5,384,1.3686186004260046,393.49,3.4841543588369412,21.7
111,-0.6855136792407429,0.0,10.01,0,0.547,6.715,81.6,2.6775,6,432,-0.5258182504646595,395.59,3.0542353065201273,22.8
112,-0.5829035720280578,0.0,10.01,0,0.547,5.912999999999999,92.9,2.3534,6,432,-0.5258182504646595,394.95,3.8900750609073738,18.8
113,-0.28845553492431375,0.0,10.01,0,0.547,6.0920000000000005,95.4,2.548,6,432,-0.5258182504646595,396.9,3.9903831463305646,18.7
114,-0.5103039158580429,0.0,10.01,0,0.547,6.254,84.2,2.2565,6,432,-0.5258182504646595,388.74,3.1021103182035046,18.5
115,-0.41716149597107477,0.0,10.01,0,0.547,5.928,88.2,2.4631,6,432,-0.5258182504646595,344.91,3.8371470025580674,18.3
116,-0.5499068361545912,0.0,10.01,0,0.547,6.176,72.5,2.7301,6,432,-0.5258182504646595,393.3,3.34775540269668,21.2
117,-0.48053358425667514,0.0,10.01,0,0.547,6.021,82.6,2.7474,6,432,-0.5258182504646595,394.51,3.077477320403506,19.2
118,-0.553769425197108,0.0,10.01,0,0.547,5.872000000000001,73.1,2.4775,6,432,-0.5258182504646595,338.63,3.790323521212809,20.4
119,-0.5017019346613759,0.0,10.01,0,0.547,5.731,65.2,2.7592,6,432,-0.5258182504646595,391.5,3.5668306402903864,19.3
120,-0.8820904592188349,0.0,25.65,0,0.581,5.87,69.7,2.2577,2,188,0.13016074611929906,389.15,3.665924985402281,22.0
121,-0.8623348988691174,0.0,25.65,0,0.581,6.004,84.1,2.1974,2,188,0.13016074611929906,377.67,3.653121025966914,20.3
122,-0.7271783221304948,0.0,25.65,0,0.581,5.961,92.9,2.0869,2,188,0.13016074611929906,378.09,4.082476897193799,20.5
123,-0.48253518880957363,0.0,25.65,0,0.581,5.856,97.0,1.9444,2,188,0.13016074611929906,370.31,4.782794509467627,17.3
124,-0.6976190064139699,0.0,25.65,0,0.581,5.879,95.8,2.0063,2,188,0.13016074611929906,379.38,4.044518184542007,18.8
125,-0.4239706808335032,0.0,25.65,0,0.581,5.9860000000000015,88.4,1.9929,2,188,0.13016074611929906,385.02,3.7214583160520016,21.4
126,-0.01881375014226065,0.0,25.65,0,0.581,5.6129999999999995,95.6,1.7572,2,188,0.13016074611929906,359.29,4.930811584608573,15.7
127,-0.21285379363741716,0.0,21.89,0,0.624,5.693,96.0,1.7883,4,437,1.6215019203667385,392.11,4.001527565087948,16.2
128,-0.10236415024712071,0.0,21.89,0,0.624,6.431,98.8,1.8125,4,437,1.6215019203667385,396.9,3.792746912954842,18.0
129,0.3641341056682525,0.0,21.89,0,0.624,5.6370000000000005,94.7,1.9799,4,437,1.6215019203667385,396.9,4.126221873851295,14.3
130,-0.08119217695825387,0.0,21.89,0,0.624,6.4579999999999975,98.9,2.1185,4,437,1.6215019203667385,395.04,3.4282995576218065,19.2
131,0.5004416053733126,0.0,21.89,0,0.624,6.3260000000000005,97.7,2.271,4,437,1.6215019203667385,396.9,3.379735929099425,19.6
132,0.17961493691193223,0.0,21.89,0,0.624,6.372000000000001,97.9,2.3274,4,437,1.6215019203667385,385.76,3.20891566525264,23.0
133,-0.09590717390442903,0.0,21.89,0,0.624,5.822,95.4,2.4699,4,437,1.6215019203667385,388.69,3.748748438163015,18.4
134,0.41046616770001193,0.0,21.89,0,0.624,5.7570000000000014,98.4,2.346,4,437,1.6215019203667385,262.76,4.014834975288958,15.6
135,0.1533835318355315,0.0,21.89,0,0.624,6.335,98.2,2.1107,4,437,1.6215019203667385,394.67,3.975819867988802,18.1
136,-0.10651580166124164,0.0,21.89,0,0.624,5.942,93.5,1.9669,4,437,1.6215019203667385,378.25,3.969069265020972,17.4
137,-0.06416483170144945,0.0,21.89,0,0.624,6.454,98.4,1.8498,4,437,1.6215019203667385,394.08,3.693853319884424,17.1
138,-0.2308131697481034,0.0,21.89,0,0.624,5.857,98.2,1.6686,4,437,1.6215019203667385,392.04,4.42334872882577,13.3
139,0.14213510198574952,0.0,21.89,0,0.624,6.151,97.9,1.6687,4,437,1.6215019203667385,396.9,4.138882311074154,17.8
140,-0.1566070761344211,0.0,21.89,0,0.624,6.1739999999999995,93.6,1.6119,4,437,1.6215019203667385,388.08,4.678000889976308,14.0
141,0.6378899136648379,0.0,21.89,0,0.624,5.019,100.0,1.4394,4,437,1.6215019203667385,396.9,5.438686385484125,14.4
142,0.9424807864434482,0.0,19.58,1,0.871,5.403,100.0,1.3216,5,403,-1.5470145723649098,396.9,4.896327639724135,13.4
143,1.0297555423923825,0.0,19.58,0,0.871,5.468,100.0,1.4118,5,403,-1.5470145723649098,396.9,4.864597395119153,15.6
144,0.8676897997248779,0.0,19.58,0,0.871,4.9030000000000005,97.8,1.3459,5,403,-1.5470145723649098,396.9,5.084557398025922,11.8
145,0.8016311596916379,0.0,19.58,0,0.871,6.13,100.0,1.4191,5,403,-1.5470145723649098,172.91,4.97255019151508,13.8
146,0.7592427125802406,0.0,19.58,0,0.871,5.627999999999999,100.0,1.5166,5,403,-1.5470145723649098,169.27,3.9407409239650804,15.6
147,0.7997036468919867,0.0,19.58,0,0.871,4.926,95.7,1.4608,5,403,-1.5470145723649098,391.71,5.102184995078214,14.6
148,0.7928634140716326,0.0,19.58,0,0.871,5.186,93.8,1.5296,5,403,-1.5470145723649098,356.99,5.012155308465074,17.8
149,0.8606688426751796,0.0,19.58,0,0.871,5.597,94.9,1.5257,5,403,-1.5470145723649098,351.85,4.435560832940204,15.4
150,0.6453271779618444,0.0,19.58,0,0.871,6.122000000000001,97.3,1.618,5,403,-1.5470145723649098,372.8,3.6311943763592582,21.5
151,0.6007470242274092,0.0,19.58,0,0.871,5.404,100.0,1.5916,5,403,-1.5470145723649098,341.6,3.5224680006766405,19.6
152,0.4748776549742384,0.0,19.58,1,0.871,5.012,88.0,1.6102,5,403,-1.5470145723649098,343.28,3.3594365009651552,15.3
153,0.7580712246464859,0.0,19.58,0,0.871,5.709,98.5,1.6232,5,403,-1.5470145723649098,261.95,3.8407115984920046,19.4
154,0.5757852579630759,0.0,19.58,1,0.871,6.129,96.0,1.7494,5,403,-1.5470145723649098,321.02,3.7598237162901924,17.0
155,0.9685339130198567,0.0,19.58,1,0.871,6.152,82.6,1.7455,5,403,-1.5470145723649098,88.01,3.7475146929849754,15.6
156,0.8135320278524003,0.0,19.58,0,0.871,5.272,94.0,1.7364,5,403,-1.5470145723649098,88.63,3.881916952017599,13.1
157,0.5117394180506586,0.0,19.58,0,0.605,6.943,97.4,1.8773,5,403,-1.5470145723649098,363.43,1.8217897928575861,41.3
158,0.5530187347939287,0.0,19.58,0,0.605,6.066,100.0,1.7573,5,403,-1.5470145723649098,353.89,2.3175481733190244,24.3
159,0.5792555222133096,0.0,19.58,0,0.871,6.51,100.0,1.7659,5,403,-1.5470145723649098,364.31,2.533560153405909,23.3
160,0.5295032941781129,0.0,19.58,1,0.605,6.25,92.6,1.7984,5,403,-1.5470145723649098,338.92,2.083052551080709,27.0
161,0.5909505880829988,0.0,19.58,0,0.605,7.489,90.8,1.9709,5,403,-1.5470145723649098,374.43,0.5838057055257075,50.0
162,0.6895545202744774,0.0,19.58,1,0.605,7.8020000000000005,98.2,2.0407,5,403,-1.5470145723649098,389.61,0.7032778368883041,50.0
163,0.6073614431346269,0.0,19.58,1,0.605,8.375,93.9,2.162,5,403,-1.5470145723649098,388.45,1.3799664400238056,50.0
164,0.7762775172559387,0.0,19.58,0,0.605,5.854,91.8,2.4219999999999997,5,403,-1.5470145723649098,395.11,3.2884340492581208,22.7
165,0.889041067586749,0.0,19.58,0,0.605,6.101,93.0,2.2834,5,403,-1.5470145723649098,240.16,2.99502882022491,25.0
166,0.7292927030331668,0.0,19.58,0,0.605,7.9289999999999985,96.2,2.0459,5,403,-1.5470145723649098,369.3,1.5241681003388121,50.0
167,0.681552706086877,0.0,19.58,0,0.605,5.8770000000000024,79.2,2.4259,5,403,-1.5470145723649098,227.61,3.362347468654994,23.8
168,0.7872158257725543,0.0,19.58,0,0.605,6.319,96.1,2.1,5,403,-1.5470145723649098,297.09,3.205800396228339,23.8
169,0.8140279972734683,0.0,19.58,0,0.605,6.402,95.2,2.2625,5,403,-1.5470145723649098,330.04,3.239832791428467,22.3
170,0.505818752728696,0.0,19.58,0,0.605,5.875,94.6,2.4259,5,403,-1.5470145723649098,292.29,3.6735743676803585,17.4
171,0.7897180047585394,0.0,19.58,0,0.605,5.88,97.3,2.3887,5,403,-1.5470145723649098,348.13,3.346291054735968,19.1
172,-0.521667919480987,0.0,4.05,0,0.51,5.572,88.5,2.5961,5,296,-0.9977065355891357,396.9,3.7064406117717987,23.1
173,-0.7339275514924624,0.0,4.05,0,0.51,6.416,84.1,2.6463,5,296,-0.9977065355891357,395.5,2.8587952066858477,23.6
174,-0.776798108927056,0.0,4.05,0,0.51,5.859,68.7,2.7019,5,296,-0.9977065355891357,393.23,2.965680996860145,22.6
175,-0.900219442686603,0.0,4.05,0,0.51,6.546,33.1,3.1323,5,296,-0.9977065355891357,390.96,2.0369245470719317,29.4
176,-0.8728579326984316,0.0,4.05,0,0.51,6.02,47.2,3.5549,5,296,-0.9977065355891357,393.23,3.045874644182921,23.2
177,-1.0084376385937663,0.0,4.05,0,0.51,6.315,73.4,3.3175,5,296,-0.9977065355891357,395.6,2.2839988137702467,24.6
178,-0.9019508001071753,0.0,4.05,0,0.51,6.86,74.4,2.9153,5,296,-0.9977065355891357,391.27,2.4306999647494254,29.9
179,-0.974979132295867,0.0,2.46,0,0.488,6.98,58.4,2.8289999999999997,3,193,-0.5258182504646595,396.9,1.955543517885788,37.2
180,-0.9062260957051147,0.0,2.46,0,0.488,7.765,83.3,2.741,3,193,-0.5258182504646595,395.56,2.5695210621477598,39.8
181,-0.8829245202764506,0.0,2.46,0,0.488,6.144,62.2,2.5979,3,193,-0.5258182504646595,396.9,2.9324036672906604,36.2
182,-0.7381579976885786,0.0,2.46,0,0.488,7.155,92.2,2.7006,3,193,-0.5258182504646595,394.12,1.8913585973138956,37.9
183,-0.6893959020091237,0.0,2.46,0,0.488,6.563,95.6,2.847,3,193,-0.5258182504646595,396.9,2.1307090791107917,32.5
184,-0.7853894706557275,0.0,2.46,0,0.488,5.604,89.8,2.9879,3,193,-0.5258182504646595,391.0,3.615593509347993,26.4
185,-0.9512025385808253,0.0,2.46,0,0.488,6.153,68.8,3.2797,3,193,-0.5258182504646595,387.11,3.504757897122546,29.6
186,-0.9914780449208668,0.0,2.46,0,0.488,7.831,53.6,3.1992,3,193,-0.5258182504646595,392.63,1.7781148325058709,50.0
187,-0.8131518487906504,45.0,3.44,0,0.4370000000000001,6.782,41.1,3.7886,5,398,-1.4222575652151794,393.87,2.3760799834652184,32.0
188,-0.572713029421591,45.0,3.44,0,0.4370000000000001,6.556,29.1,4.5667,5,398,-1.4222575652151794,382.84,1.812518361993922,29.8
189,-0.7815388693724241,45.0,3.44,0,0.4370000000000001,7.185,38.9,4.5667,5,398,-1.4222575652151794,396.9,2.0533330708084647,34.9
190,-0.7401447389479636,45.0,3.44,0,0.4370000000000001,6.9510000000000005,21.5,6.4798,5,398,-1.4222575652151794,377.68,1.9726722243727506,37.0
191,-0.8811821621993062,45.0,3.44,0,0.4370000000000001,6.739,30.8,6.4798,5,398,-1.4222575652151794,389.71,1.8523604355893786,30.5
192,-0.7636778152900947,45.0,3.44,0,0.4370000000000001,7.178,26.3,6.4798,5,398,-1.4222575652151794,390.49,1.1916739424406513,36.4
193,-1.4986810020496364,60.0,2.93,0,0.401,6.8,9.9,6.2196,1,265,-1.3129270985661694,393.37,1.9526734432132693,31.1
194,-1.73110191590629,60.0,2.93,0,0.401,6.604,18.8,6.2196,1,265,-1.3129270985661694,376.7,1.7558782660741605,29.1
195,-1.754162317588277,80.0,0.46,0,0.42200000000000004,7.875,32.0,5.6484,4,255,-1.6159901600575524,394.23,1.23539042638482,50.0
196,-1.1691906031601003,80.0,1.52,0,0.40399999999999997,7.287000000000001,34.1,7.309,2,329,-1.9511945346727713,396.9,1.6573489618061814,33.3
197,-1.0883905391187285,80.0,1.52,0,0.40399999999999997,7.107,36.6,7.309,2,329,-1.9511945346727713,354.31,2.7787720822195814,30.3
198,-1.202736360099961,80.0,1.52,0,0.40399999999999997,7.274,38.3,7.309,2,329,-1.9511945346727713,392.2,2.362188662615006,34.6
199,-1.2994137338519673,95.0,1.47,0,0.40299999999999997,6.975,15.3,7.6534,3,402,-0.8528005917916469,396.9,1.812518361993922,34.9
200,-1.613137843088786,95.0,1.47,0,0.40299999999999997,7.135,13.9,7.6534,3,402,-0.8528005917916469,384.3,1.7781148325058709,32.9
201,-1.251005612541043,82.5,2.03,0,0.415,6.162000000000001,38.4,6.27,2,348,-1.5470145723649098,393.77,2.5420785667481227,24.1
202,-1.5012037802785694,82.5,2.03,0,0.415,7.61,15.7,6.27,2,348,-1.5470145723649098,395.38,1.294722541721681,42.3
203,-1.2409221737996923,95.0,2.68,0,0.4161,7.853,33.2,5.118,4,224,-1.5470145723649098,392.78,1.5637668426470963,48.5
204,-1.5454917181928076,95.0,2.68,0,0.4161,8.033999999999999,31.9,5.118,4,224,-1.5470145723649098,390.55,1.196098045005615,50.0
205,-0.5316379422503958,0.0,10.59,0,0.489,5.891,22.3,3.9454,4,277,-0.1423608133519389,396.9,3.1696594995495473,22.6
206,-0.27196928489661887,0.0,10.59,0,0.489,6.3260000000000005,52.5,4.3549,4,277,-0.1423608133519389,394.87,3.1854447936282244,24.4
207,-0.22654377497741748,0.0,10.59,0,0.489,5.7829999999999995,72.7,4.3549,4,277,-0.1423608133519389,389.43,4.096430148896076,22.5
208,-0.5336793384792732,0.0,10.59,1,0.489,6.064,59.1,4.2392,4,277,-0.1423608133519389,381.32,3.702671390138623,24.4
209,0.03714723631413203,0.0,10.59,1,0.489,5.343999999999999,100.0,3.875,4,277,-0.1423608133519389,396.9,4.584917528840649,20.0
210,-0.408155814339856,0.0,10.59,1,0.489,5.96,92.1,3.8771,4,277,-0.1423608133519389,393.25,4.010407109593764,21.7
211,-0.033299967643951475,0.0,10.59,1,0.489,5.404,88.6,3.665,4,277,-0.1423608133519389,395.24,4.662567796945601,19.3
212,-0.2995140376751171,0.0,10.59,1,0.489,5.807,53.8,3.6526,4,277,-0.1423608133519389,390.94,3.86904168839634,22.4
213,-0.516687689195487,0.0,10.59,0,0.489,6.375,32.3,3.9454,4,277,-0.1423608133519389,385.81,2.9200133171954086,28.1
214,-0.1588639073087699,0.0,10.59,0,0.489,5.412000000000001,9.8,3.5875,4,277,-0.1423608133519389,348.93,5.103648961261247,23.7
215,-0.34518240576501313,0.0,10.59,0,0.489,6.182,42.4,3.9454,4,277,-0.1423608133519389,393.63,2.9359307457976938,25.0
216,-1.1006297681368273,0.0,13.89,1,0.55,5.888,56.0,3.1121,5,276,-1.0659191906437686,392.8,3.553475960853066,23.3
217,-0.8735277159101764,0.0,13.89,0,0.55,6.642,85.1,3.4211,5,276,-1.0659191906437686,392.78,2.9743539229209426,28.7
218,-0.6378077720963032,0.0,13.89,1,0.55,5.9510000000000005,93.8,2.8893,5,276,-1.0659191906437686,396.9,4.081400337937707,21.5
219,-0.6216548924185019,0.0,13.89,1,0.55,6.3729999999999976,92.4,3.3633,5,276,-1.0659191906437686,393.74,3.110260632126668,23.0
220,-0.05638653767947023,0.0,6.2,1,0.507,6.9510000000000005,88.5,2.8617,8,307,-0.6958295247686671,391.7,2.977813418407515,26.7
221,0.005600212601708918,0.0,6.2,1,0.507,6.164,91.3,3.048,8,307,-0.6958295247686671,395.24,4.436497855903067,21.7
222,0.2052916516946519,0.0,6.2,1,0.507,6.879,77.7,3.2721,8,307,-0.6958295247686671,390.39,3.015509329697613,27.5
223,0.19864767145584372,0.0,6.2,0,0.507,6.617999999999999,80.8,3.2721,8,307,-0.6958295247686671,396.9,2.57789156243893,30.1
224,-0.11757590649648746,0.0,6.2,0,0.504,8.266,78.3,2.8944,8,307,-0.6958295247686671,385.05,1.6774921329758223,44.8
225,0.12675724535588825,0.0,6.2,0,0.504,8.725,83.0,2.8944,8,307,-0.6958295247686671,382.0,1.834079183348153,50.0
226,-0.0252794932954932,0.0,6.2,0,0.504,8.04,86.5,3.2157,8,307,-0.6958295247686671,387.38,1.303029245260086,37.6
227,0.011018207365243825,0.0,6.2,0,0.504,7.162999999999999,79.9,3.2157,8,307,-0.6958295247686671,372.08,2.30084478259932,31.6
228,-0.14460822159072942,0.0,6.2,0,0.504,7.686,17.0,3.3751,8,307,-0.6958295247686671,377.51,1.6024923168793848,46.7
229,0.04370299886357881,0.0,6.2,0,0.504,6.5520000000000005,21.4,3.3751,8,307,-0.6958295247686671,380.34,1.5458783812681662,31.5
230,0.13562618661453646,0.0,6.2,0,0.504,5.981,68.1,3.6715,8,307,-0.6958295247686671,378.35,3.2899361266607414,24.3
231,0.0658533867773778,0.0,6.2,0,0.504,7.412000000000001,76.9,3.6715,8,307,-0.6958295247686671,376.14,2.0148231577993143,31.7
232,0.16781062044887077,0.0,6.2,0,0.507,8.337,73.3,3.8384,8,307,-0.6958295247686671,385.91,1.0040660158455874,41.7
233,-0.09350374273747832,0.0,6.2,0,0.507,8.247,70.4,3.6519,8,307,-0.6958295247686671,378.95,1.6129079807191822,48.3
234,0.050227513758225935,0.0,6.2,1,0.507,6.726,66.5,3.6519,8,307,-0.6958295247686671,360.2,2.6697918090270023,29.0
235,-0.09498800383242821,0.0,6.2,0,0.507,6.086,61.5,3.6519,8,307,-0.6958295247686671,376.75,3.171243063192543,24.0
236,0.12107181000960261,0.0,6.2,1,0.507,6.631,76.5,4.148,8,307,-0.6958295247686671,388.45,2.948230398355153,25.1
237,0.11311601621975978,0.0,6.2,0,0.507,7.358,71.6,4.148,8,307,-0.6958295247686671,390.07,1.8644478405289084,31.5
238,-0.7893960273611305,30.0,4.93,0,0.428,6.481,18.5,6.1899,6,300,-0.9977065355891357,379.41,2.30084478259932,23.7
239,-0.7297889164395646,30.0,4.93,0,0.428,6.606,42.2,6.1899,6,300,-0.9977065355891357,383.78,2.52928758790583,23.3
240,-0.6259580957007583,30.0,4.93,0,0.428,6.897,54.3,6.3361,6,300,-0.9977065355891357,391.25,3.2490256316655506,22.0
241,-0.6593623236476196,30.0,4.93,0,0.428,6.095,65.1,6.3361,6,300,-0.9977065355891357,394.62,3.3998571320471953,20.1
242,-0.6751433480173465,30.0,4.93,0,0.428,6.358,52.9,7.0355,6,300,-0.9977065355891357,372.75,3.224427426998291,22.2
243,-0.5655862705122254,30.0,4.93,0,0.428,6.393,7.8,7.0355,6,300,-0.9977065355891357,374.71,1.998075813779372,23.7
244,-0.325436770736545,22.0,5.86,0,0.431,5.593,76.5,7.9549,7,330,0.13016074611929906,372.49,3.414122273682564,17.6
245,-0.3622260446081299,22.0,5.86,0,0.431,5.605,70.2,7.9549,7,330,0.13016074611929906,389.13,4.138882311074154,18.5
246,-0.08151752155057097,22.0,5.86,0,0.431,6.108,34.9,8.0555,7,330,0.13016074611929906,390.18,2.8806015324095875,24.3
247,-0.34882442981310413,22.0,5.86,0,0.431,6.226,79.2,8.0555,7,330,0.13016074611929906,376.14,3.0525657199803735,20.5
248,-0.43785880755185747,22.0,5.86,0,0.431,6.433,49.1,7.8265,7,330,0.13016074611929906,374.71,2.9447233430225324,24.5
249,-0.36378520198921777,22.0,5.86,0,0.431,6.718,17.5,7.8265,7,330,0.13016074611929906,393.74,2.3481997722956276,26.2
250,-0.5174781833773127,22.0,5.86,0,0.431,6.487,13.0,7.3967,7,330,0.13016074611929906,396.28,2.187397344299956,24.4
251,-0.30660403419999177,22.0,5.86,0,0.431,6.438,8.9,7.3967,7,330,0.13016074611929906,377.07,1.4836495332713022,24.8
252,-0.790843857260639,22.0,5.86,0,0.431,6.9570000000000025,6.8,8.9067,7,330,0.13016074611929906,386.09,1.4611428964788822,29.6
253,-0.042087563622751456,22.0,5.86,0,0.431,8.259,8.4,8.9067,7,330,0.13016074611929906,396.9,1.4649144128305607,42.8
254,-1.071227903987937,80.0,3.64,0,0.392,6.108,32.0,9.2203,1,315,-1.0659191906437686,392.89,2.350538096533673,21.9
255,-1.2351171857004821,80.0,3.64,0,0.392,5.876,19.1,9.2203,1,315,-1.0659191906437686,395.18,2.896811951652281,20.9
256,-1.6938891089038661,90.0,3.75,0,0.39399999999999996,7.454,34.2,6.3361,3,244,-1.2249293306063105,386.34,1.294722541721681,44.0
257,0.19625344028666689,20.0,3.97,0,0.647,8.704,86.9,1.801,5,264,-1.8871431757252572,389.7,1.9783472083466362,50.0
258,0.23405584043181965,20.0,3.97,0,0.647,7.3329999999999975,100.0,1.8946,5,264,-1.8871431757252572,383.29,2.6171930947124875,36.0
259,0.22924943550926766,20.0,3.97,0,0.647,6.8420000000000005,100.0,2.0107,5,264,-1.8871431757252572,391.93,2.4262046732203704,30.1
260,0.13832967780020042,20.0,3.97,0,0.647,7.202999999999999,81.8,2.1121,5,264,-1.8871431757252572,392.8,2.956973262764089,33.8
261,0.1331077973155675,20.0,3.97,0,0.647,7.52,89.4,2.1398,5,264,-1.8871431757252572,388.37,2.505627095467912,43.1
262,0.12067514056893372,20.0,3.97,0,0.647,8.398,91.5,2.2885,5,264,-1.8871431757252572,386.86,2.1899350362206835,48.8
263,0.334247870051978,20.0,3.97,0,0.647,7.327000000000001,94.5,2.0788,5,264,-1.8871431757252572,393.42,3.2290601317199212,31.0
264,0.1468780964804017,20.0,3.97,0,0.647,7.206,91.6,1.9301,5,264,-1.8871431757252572,387.89,2.679756088281482,36.5
265,0.2975463623674226,20.0,3.97,0,0.647,5.56,62.8,1.9865,5,264,-1.8871431757252572,392.4,3.1021103182035046,22.8
266,0.31180345523634695,20.0,3.97,0,0.647,7.013999999999999,84.6,2.1329,5,264,-1.8871431757252572,384.07,3.7189619069499216,30.7
267,0.17027597235914715,20.0,3.97,0,0.575,8.297,67.0,2.4216,5,264,-1.8871431757252572,384.54,2.5442026348977014,50.0
268,0.13866753651361582,20.0,3.97,0,0.575,7.47,52.6,2.872,5,264,-1.8871431757252572,390.3,1.3154127793637926,43.5
269,-0.740315405311822,20.0,6.96,1,0.46399999999999997,5.92,61.5,3.9175,3,223,-0.1423608133519389,391.34,3.572151300012858,20.7
270,-0.1430350575522919,20.0,6.96,0,0.46399999999999997,5.856,42.1,4.428999999999999,3,223,-0.1423608133519389,388.65,3.4841543588369412,21.1
271,-0.44484996933967824,20.0,6.96,0,0.46399999999999997,6.24,16.3,4.428999999999999,3,223,-0.1423608133519389,396.9,2.3552065118993655,25.2
272,-0.620095458177971,20.0,6.96,0,0.46399999999999997,6.537999999999999,58.7,3.9175,3,223,-0.1423608133519389,394.96,2.60486282794747,24.4
273,-0.28898786189126385,20.0,6.96,1,0.46399999999999997,7.691,51.8,4.3665,3,223,-0.1423608133519389,390.77,2.352873673936957,35.2
274,-0.9875360700217652,40.0,6.41,1,0.447,6.757999999999999,32.9,4.0776,4,254,-0.6125179524635898,396.9,1.4611428964788822,32.4
275,-0.7105666409722173,40.0,6.41,0,0.447,6.854,42.8,4.2673,4,254,-0.6125179524635898,396.9,1.2396992447898088,32.0
276,-0.6663077154246163,40.0,6.41,1,0.447,7.267,49.0,4.7872,4,254,-0.6125179524635898,389.25,2.2251192305888505,33.2
277,-0.944292098836412,40.0,6.41,1,0.447,6.8260000000000005,27.6,4.8628,4,254,-0.6125179524635898,393.45,1.684156419533066,33.1
278,-0.8064052620830771,40.0,6.41,0,0.447,6.482,32.1,4.1403,4,254,-0.6125179524635898,396.9,2.490425899736396,29.1
279,-0.31523280277780585,20.0,3.33,0,0.4429,6.812,32.2,4.1007,5,216,-1.4986288445604994,396.9,1.900242604781716,35.1
280,-1.2305799892022187,20.0,3.33,0,0.4429,7.82,64.5,4.6947,5,216,-1.4986288445604994,387.31,1.5458783812681662,45.4
281,-1.2118029362760772,20.0,3.33,0,0.4429,6.968,37.2,5.2447,5,216,-1.4986288445604994,392.23,1.8217897928575861,35.4
282,-0.9441205507348688,20.0,3.33,1,0.4429,7.645,49.7,5.2119,5,216,-1.4986288445604994,377.07,1.2525590551614507,46.0
283,-1.7074971218062345,90.0,1.21,1,0.401,7.922999999999999,24.8,5.885,1,198,-1.7804614043854776,395.52,1.3154127793637926,50.0
284,-1.9926358741936339,90.0,2.97,0,0.4,7.087999999999999,20.8,7.3073,1,285,-1.3957494537580664,394.72,2.6294502392481083,32.2
285,-1.8844348323241655,55.0,2.25,0,0.389,6.452999999999999,31.9,7.3073,1,300,-1.3957494537580664,394.72,2.7054427285182543,22.0
286,-1.5577300141265689,80.0,1.76,0,0.385,6.23,31.5,9.0892,1,241,-0.3417103409235555,341.6,3.4744764949397533,20.1
287,-1.1882490532489487,52.5,5.32,0,0.405,6.209,31.3,7.3172,6,293,-0.9977065355891357,396.9,2.479497782180247,23.2
288,-1.0971358916143719,52.5,5.32,0,0.405,6.315,45.6,7.3172,6,293,-0.9977065355891357,396.9,2.57789156243893,22.3
289,-1.1323295918098604,52.5,5.32,0,0.405,6.565,22.9,7.3172,6,293,-0.9977065355891357,371.72,2.9429676813381844,24.8
290,-1.242152639739252,80.0,4.95,0,0.41100000000000003,6.8610000000000015,27.9,5.1167,4,245,0.18798563778556404,396.9,1.383920613198806,28.5
291,-0.8124269397474315,80.0,4.95,0,0.41100000000000003,7.148,27.7,5.1167,4,245,0.18798563778556404,396.9,1.4724328312721828,37.3
292,-1.2250385326642268,80.0,4.95,0,0.41100000000000003,6.63,23.4,5.1167,4,245,0.18798563778556404,396.9,1.8553897279418858,27.9
293,-0.7880777907207976,0.0,13.92,0,0.4370000000000001,6.1270000000000024,18.4,5.5027,4,289,-1.1943938643994008,396.9,2.773074817466621,23.9
294,-0.792232718651851,0.0,13.92,0,0.4370000000000001,6.0089999999999995,42.3,5.5027,4,289,-1.1943938643994008,396.9,3.093929833879268,21.7
295,-0.5586808050262279,0.0,13.92,0,0.4370000000000001,6.678,31.1,5.9604,4,289,-1.1943938643994008,396.9,2.2791590989495174,28.6
296,-1.01362878321265,0.0,13.92,0,0.4370000000000001,6.5489999999999995,51.0,5.9604,4,289,-1.1943938643994008,392.85,2.533560153405909,27.1
297,-0.5148601749761201,0.0,13.92,0,0.4370000000000001,5.79,58.0,6.32,4,289,-1.1943938643994008,396.9,3.846640986785902,20.3
298,-0.9160218115629841,70.0,2.24,0,0.4,6.345,20.1,7.8278,5,358,-1.523068108286648,368.24,1.9353598435540986,22.5
299,-0.9953561179011979,70.0,2.24,0,0.4,7.041,10.0,7.8278,5,358,-1.523068108286648,371.58,1.8674573518606503,29.0
300,-1.1176211522657726,70.0,2.24,0,0.4,6.871,47.4,7.8278,5,358,-1.523068108286648,390.86,2.2300940735043837,24.8
301,-1.2367908728301602,34.0,6.09,0,0.433,6.59,40.4,5.4917,7,329,-1.163237354078121,395.75,2.941210593439117,22.0
302,-0.7290098399323934,34.0,6.09,0,0.433,6.495,18.4,5.4917,7,329,-1.163237354078121,383.61,2.7901207784989994,26.4
303,-0.689806356319916,34.0,6.09,0,0.433,6.982,17.7,5.4917,7,329,-1.163237354078121,390.43,1.903194509854126,33.1
304,-0.9997429126204123,33.0,2.18,0,0.47200000000000003,7.2360000000000015,41.1,4.022,7,222,-0.2440160109439703,393.68,2.432943849129909,36.1
305,-1.0032028551232526,33.0,2.18,0,0.47200000000000003,6.6160000000000005,58.1,3.37,7,222,-0.2440160109439703,393.36,2.838608818511256,28.4
306,-0.8383127543076271,33.0,2.18,0,0.47200000000000003,7.42,71.9,3.0992,7,222,-0.2440160109439703,396.9,2.3270300109773756,33.4
307,-1.0589142475076596,33.0,2.18,0,0.47200000000000003,6.849,70.3,3.1827,7,222,-0.2440160109439703,396.9,2.5632207141389873,28.2
308,0.09547613168520153,0.0,9.9,0,0.544,6.635,82.5,3.3175,4,304,-0.2440160109439703,396.9,1.8063112068269063,22.8
309,-0.06817324314653174,0.0,9.9,0,0.544,5.972,76.7,3.1025,4,304,-0.2440160109439703,396.24,3.0222936891299548,20.3
310,0.8451277895169171,0.0,9.9,0,0.544,4.973,37.8,2.5194,4,304,-0.2440160109439703,350.45,3.433946147918952,16.1
311,0.3145378479184641,0.0,9.9,0,0.544,6.122000000000001,52.8,2.6403,4,304,-0.2440160109439703,396.9,2.207606647370768,22.1
312,-0.2080929833899161,0.0,9.9,0,0.544,6.023,90.4,2.8339999999999996,4,304,-0.2440160109439703,396.3,3.300422883449235,19.4
313,-0.1939712710811319,0.0,9.9,0,0.544,6.266,82.8,3.2628,4,304,-0.2440160109439703,393.39,2.639609382230646,21.6
314,-0.04175039311623954,0.0,9.9,0,0.544,6.567,87.3,3.6023,4,304,-0.2440160109439703,395.69,2.90218835606702,23.8
315,-0.22350709134710997,0.0,9.9,0,0.544,5.705,77.7,3.945,4,304,-0.2440160109439703,396.42,3.2672995995505576,16.2
316,-0.11309541444347569,0.0,9.9,0,0.544,5.914,83.2,3.9986,4,304,-0.2440160109439703,390.7,4.125163952790206,17.8
317,-0.2398709582394173,0.0,9.9,0,0.544,5.782,71.7,4.0317,4,304,-0.2440160109439703,396.9,3.8584565360003498,19.8
318,-0.0010905835705853197,0.0,9.9,0,0.544,6.3820000000000014,67.2,3.5325,4,304,-0.2440160109439703,395.21,3.0873635507784023,23.1
319,0.07843815862647147,0.0,9.9,0,0.544,6.1129999999999995,58.8,4.0019,4,304,-0.2440160109439703,396.23,3.4466007021822,21.0
320,-0.42818709209087413,0.0,7.38,0,0.493,6.426,52.3,4.5404,5,287,0.4311029799776722,396.9,2.492604476662487,23.8
321,-0.38819662094683016,0.0,7.38,0,0.493,6.376,54.3,4.5404,5,287,0.4311029799776722,396.9,2.4194428321769594,23.1
322,-0.06578855648130907,0.0,7.38,0,0.493,6.041,49.9,4.7211,5,287,0.4311029799776722,396.9,2.5986699592939666,20.4
323,-0.168397045747662,0.0,7.38,0,0.493,5.7079999999999975,74.3,4.7211,5,287,0.4311029799776722,391.13,3.3034102137939443,18.5
324,-0.07973804618083608,0.0,7.38,0,0.493,6.415,40.1,4.7211,5,287,0.4311029799776722,396.9,2.2424760323901807,25.0
325,-0.36085306761333646,0.0,7.38,0,0.493,6.431,14.7,5.4159,5,287,0.4311029799776722,393.68,1.9669800283757777,24.6
326,-0.1361095651800842,0.0,7.38,0,0.493,6.312,28.9,5.4159,5,287,0.4311029799776722,396.9,2.249867756196549,23.0
327,-0.2483151640274413,0.0,7.38,0,0.493,6.0829999999999975,43.7,5.4159,5,287,0.4311029799776722,396.9,3.454998739924766,22.2
328,-0.9039255593271319,0.0,3.24,0,0.46,5.867999999999999,25.8,5.2146,4,430,-0.8901217846286296,382.44,3.0222936891299548,19.3
329,-0.8955278249365899,0.0,3.24,0,0.46,6.3329999999999975,17.2,5.2146,4,430,-0.8901217846286296,375.21,2.522861920449765,22.6
330,-1.1025030110152687,0.0,3.24,0,0.46,6.144,32.2,5.8736,4,430,-0.8901217846286296,368.57,2.8679081799509154,19.8
331,-1.0492105951534463,35.0,6.06,0,0.4379,5.706,28.4,6.6407,1,304,-0.8901217846286296,394.02,3.404145974000547,17.1
332,-1.247726311492894,35.0,6.06,0,0.4379,6.0310000000000015,23.3,6.6407,1,304,-0.8901217846286296,362.25,2.6253725877005456,19.4
333,-1.042912671204607,0.0,5.19,0,0.515,6.316,38.1,6.4584,5,224,0.8339166373605564,389.71,2.1307090791107917,22.2
334,-1.2070338632631519,0.0,5.19,0,0.515,6.31,38.5,6.4584,5,224,0.8339166373605564,389.4,2.3921652702935274,20.7
335,-1.1759162461069226,0.0,5.19,0,0.515,6.037000000000001,34.5,5.9853,5,224,0.8339166373605564,396.9,2.6617859167910125,21.1
336,-1.253833102238362,0.0,5.19,0,0.515,5.869,46.3,5.2311,5,224,0.8339166373605564,396.9,2.99331339481589,19.5
337,-1.3185089887740216,0.0,5.19,0,0.515,5.895,59.6,5.615,5,224,0.8339166373605564,394.81,3.1200015415107982,18.5
338,-1.2732522778625097,0.0,5.19,0,0.515,6.059,37.3,4.8122,5,224,0.8339166373605564,396.14,2.759721128974348,20.6
339,-1.0014699192524343,0.0,5.19,0,0.515,5.985,45.4,4.8122,5,224,0.8339166373605564,396.9,2.982992358623171,19.0
340,-0.9422373815032665,0.0,5.19,0,0.515,5.968,58.5,4.8122,5,224,0.8339166373605564,396.9,2.903977508154801,18.7
341,-1.7876798714404574,35.0,1.52,0,0.442,7.2410000000000005,49.3,7.0379,1,284,-1.3410948823312299,394.74,2.0803698463157363,32.7
342,-1.4257046057853004,0.0,1.89,0,0.518,6.54,59.7,6.2669,1,422,-1.2249293306063105,389.96,2.7863446373513967,16.5
343,-1.4159367766698625,55.0,3.78,0,0.484,6.6960000000000015,56.4,5.7321,5,370,-0.6125179524635898,396.9,2.4882449816799417,23.9
344,-1.3170833863915143,55.0,3.78,0,0.484,6.874,28.1,6.4654,5,370,-0.6125179524635898,387.97,1.827944781270702,31.2
345,-1.305817213110216,0.0,4.39,0,0.442,6.013999999999999,48.5,8.0136,3,352,-0.03658649314202912,385.64,3.1151364445531735,17.5
346,-0.9412984402868217,0.0,4.39,0,0.442,5.898,52.3,8.0136,3,352,-0.03658649314202912,364.61,3.4381720418685697,17.2
347,-1.585156968023133,85.0,4.15,0,0.429,6.516,27.7,8.5353,4,351,-0.48115598692927425,392.43,2.30084478259932,23.1
348,-1.7074971218062345,80.0,2.01,0,0.435,6.635,29.7,8.344,4,280,-0.8528005917916469,390.94,2.2101181045190783,24.5
349,-1.3444860289298042,40.0,1.25,0,0.429,6.939,34.5,8.7921,1,335,0.49495561562927587,389.85,2.1848563286964175,26.6
350,-0.9371371004068698,40.0,1.25,0,0.429,6.49,44.4,8.7921,1,335,0.49495561562927587,396.9,2.207606647370768,22.9
351,-0.8082302057904789,60.0,1.69,0,0.41100000000000003,6.579,35.9,10.7103,4,411,-0.2933486421586383,370.78,2.0803698463157363,24.1
352,-0.8566154548847095,60.0,1.69,0,0.41100000000000003,5.8839999999999995,18.5,10.7103,4,411,-0.2933486421586383,392.33,2.6171930947124875,18.6
353,-1.6351317099671576,90.0,2.02,0,0.41,6.728,36.1,12.1265,5,187,-0.8528005917916469,384.46,1.7938332737052798,30.1
354,-1.1318324262973332,80.0,1.91,0,0.413,5.662999999999999,21.9,10.5857,4,334,2.3743502558815326,382.8,2.6697918090270023,18.2
355,-0.6571010136802442,80.0,1.91,0,0.413,5.936,19.5,10.5857,4,334,2.3743502558815326,376.04,2.101726764684669,20.6
356,1.3472771393169354,0.0,18.1,1,0.77,6.2120000000000015,97.4,2.1222,24,666,0.8339166373605564,377.73,4.046702901159813,17.8
357,1.0039623761326923,0.0,18.1,1,0.77,6.395,91.0,2.5052,24,666,0.8339166373605564,391.34,3.52111044983175,21.7
358,1.127624088557727,0.0,18.1,1,0.77,6.1270000000000024,83.4,2.7227,24,666,0.8339166373605564,395.43,3.264264196647315,22.7
359,1.045932055703039,0.0,18.1,0,0.77,6.112,81.3,2.5091,24,666,0.8339166373605564,390.74,3.4381720418685697,22.6
360,1.0721554703263347,0.0,18.1,0,0.77,6.398,88.0,2.5182,24,666,0.8339166373605564,374.56,2.6171930947124875,25.0
361,1.0025756389480835,0.0,18.1,0,0.77,6.251,91.1,2.2955,24,666,0.8339166373605564,350.65,3.6428278756381327,19.9
362,0.9850546258200604,0.0,18.1,0,0.77,5.362,96.2,2.1036,24,666,0.8339166373605564,380.79,3.0592364638325997,20.8
363,1.0421513149388442,0.0,18.1,1,0.77,5.803,89.0,1.9047,24,666,0.8339166373605564,353.04,3.70015526529711,16.8
364,0.9613126983979886,0.0,18.1,1,0.718,8.78,82.9,1.9047,24,666,0.8339166373605564,354.55,2.0259061163126275,21.9
365,1.0734140939871115,0.0,18.1,0,0.718,3.5610000000000004,87.9,1.6132,24,666,0.8339166373605564,354.7,2.4751099842559854,27.5
366,0.9871647807402474,0.0,18.1,0,0.718,4.963,91.4,1.7523,24,666,0.8339166373605564,316.03,3.618200816631822,21.9
367,1.5089640514157572,0.0,18.1,0,0.631,3.863,100.0,1.5106,24,666,0.8339166373605564,131.42,3.529243938103594,23.1
368,1.103088456358886,0.0,18.1,0,0.631,4.97,100.0,1.3325,24,666,0.8339166373605564,375.52,1.356046287843922,50.0
369,1.16265648347329,0.0,18.1,1,0.631,6.683,96.8,1.3567,24,666,0.8339166373605564,375.33,1.535056951763313,50.0
370,1.2202668080591186,0.0,18.1,1,0.631,7.016,97.5,1.2024,24,666,0.8339166373605564,392.05,1.231070389971486,50.0
371,1.358153643316472,0.0,18.1,0,0.631,6.216,100.0,1.1691,24,666,0.8339166373605564,366.15,2.9464775811461115,50.0
372,1.3142293015393876,0.0,18.1,1,0.6679999999999999,5.875,89.6,1.1296,24,666,0.8339166373605564,347.88,2.829369658650322,50.0
373,1.431400571890268,0.0,18.1,0,0.6679999999999999,4.9060000000000015,100.0,1.1742,24,666,0.8339166373605564,396.9,5.462014376627612,13.8
374,1.6324870943153214,0.0,18.1,0,0.6679999999999999,4.138,100.0,1.137,24,666,0.8339166373605564,396.9,5.661579635157719,13.8
375,1.655555626093749,0.0,18.1,0,0.6709999999999999,7.313,97.9,1.3163,24,666,0.8339166373605564,396.9,3.5440821949874555,15.0
376,1.5573089960721647,0.0,18.1,0,0.6709999999999999,6.649,93.3,1.3449,24,666,0.8339166373605564,363.02,4.598164733807125,13.9
377,1.382775361542347,0.0,18.1,0,0.6709999999999999,6.794,98.8,1.358,24,666,0.8339166373605564,396.9,4.41580497832769,13.3
378,1.7300364173956317,0.0,18.1,0,0.6709999999999999,6.38,96.2,1.3861,24,666,0.8339166373605564,396.9,4.637514136884946,13.1
379,1.6187667529981258,0.0,18.1,0,0.6709999999999999,6.223,100.0,1.3861,24,666,0.8339166373605564,393.74,4.466306092352714,10.2
380,2.4036251796910357,0.0,18.1,0,0.6709999999999999,6.968,91.9,1.4165,24,666,0.8339166373605564,396.9,4.003750438062856,10.4
381,1.5721384643468215,0.0,18.1,0,0.6709999999999999,6.545,99.1,1.5192,24,666,0.8339166373605564,396.9,4.400651408644896,10.9
382,1.356201210799346,0.0,18.1,0,0.7,5.5360000000000005,100.0,1.5804,24,666,0.8339166373605564,396.9,4.62969071879301,11.3
383,1.3007458416607078,0.0,18.1,0,0.7,5.52,100.0,1.5331,24,666,0.8339166373605564,396.9,4.711981347455732,12.3
384,1.6650524534263702,0.0,18.1,0,0.7,4.368,91.2,1.4395,24,666,0.8339166373605564,285.83,5.181590649379474,8.8
385,1.5947540996522527,0.0,18.1,0,0.7,5.277,98.1,1.4261,24,666,0.8339166373605564,396.9,5.194373807466868,7.2
386,1.7424600107693866,0.0,18.1,0,0.7,4.652,100.0,1.4672,24,666,0.8339166373605564,396.9,5.009128791017227,10.5
387,1.7118867251551708,0.0,18.1,0,0.7,5.0,89.5,1.5184,24,666,0.8339166373605564,396.9,5.276776056615962,7.4
388,1.5319209356431884,0.0,18.1,0,0.7,4.88,100.0,1.5895,24,666,0.8339166373605564,372.92,5.180878774696508,10.2
389,1.308618603110475,0.0,18.1,0,0.7,5.39,98.9,1.7281,24,666,0.8339166373605564,396.9,4.378711775631602,11.5
390,1.2454956134179693,0.0,18.1,0,0.7,5.712999999999999,97.0,1.9265,24,666,0.8339166373605564,394.43,3.99261605108853,15.1
391,1.1347077908693783,0.0,18.1,0,0.7,6.051,82.5,2.1678,24,666,0.8339166373605564,378.38,4.170257627035899,23.2
392,1.4477584169688533,0.0,18.1,0,0.7,5.0360000000000005,97.0,1.77,24,666,0.8339166373605564,396.9,4.804905031048287,9.7
393,1.332014514468746,0.0,18.1,0,0.693,6.193,92.6,1.7912,24,666,0.8339166373605564,396.9,3.7659546670000736,13.8
394,1.5042038884825046,0.0,18.1,0,0.693,5.8870000000000005,94.7,1.7821,24,666,0.8339166373605564,396.9,3.9063100051507456,12.7
395,1.3353145407998013,0.0,18.1,0,0.693,6.471,98.8,1.7257,24,666,0.8339166373605564,391.98,3.993731747708037,13.1
396,1.176845609467463,0.0,18.1,0,0.693,6.405,96.0,1.6768,24,666,0.8339166373605564,396.9,4.23287784150672,12.5
397,1.2843976353234796,0.0,18.1,0,0.693,5.747000000000001,98.9,1.6334,24,666,0.8339166373605564,393.1,4.288046278836844,8.5
398,1.9281843063954014,0.0,18.1,0,0.693,5.452999999999999,100.0,1.4896,24,666,0.8339166373605564,396.9,5.1787420728922475,5.0
399,1.386511511049383,0.0,18.1,0,0.693,5.852,77.8,1.5004,24,666,0.8339166373605564,338.16,5.1342169447957025,6.3
400,1.7530436610318436,0.0,18.1,0,0.693,5.987,100.0,1.5888,24,666,0.8339166373605564,396.9,4.892381428049113,5.6
401,1.529232593548329,0.0,18.1,0,0.693,6.343,100.0,1.5741,24,666,0.8339166373605564,396.9,4.327434441054579,7.2
402,1.373474515194957,0.0,18.1,0,0.693,6.404,100.0,1.639,24,666,0.8339166373605564,376.11,4.32645706616516,12.1
403,1.7491083983868183,0.0,18.1,0,0.693,5.349,96.0,1.7028,24,666,0.8339166373605564,396.9,4.27311819215158,8.3
404,1.9621724302403687,0.0,18.1,0,0.693,5.5310000000000015,85.4,1.6074,24,666,0.8339166373605564,329.46,4.940141645052017,8.5
405,2.1922333317546516,0.0,18.1,0,0.693,5.683,100.0,1.4254,24,666,0.8339166373605564,384.97,4.575160611788442,5.0
406,1.6773252108175176,0.0,18.1,0,0.659,4.138,100.0,1.1781,24,666,0.8339166373605564,370.22,4.606959566159578,11.9
407,1.4602777725768366,0.0,18.1,0,0.659,5.608,100.0,1.2852,24,666,0.8339166373605564,332.09,3.360892448112737,27.9
408,1.270162906915489,0.0,18.1,0,0.597,5.617000000000001,97.9,1.4547,24,666,0.8339166373605564,314.64,4.863001170309476,17.2
409,1.5347847716717486,0.0,18.1,0,0.597,6.852,100.0,1.4655,24,666,0.8339166373605564,179.36,4.274116114060398,27.5
410,2.0536650769971576,0.0,18.1,0,0.597,5.7570000000000014,100.0,1.413,24,666,0.8339166373605564,2.6,3.045874644182921,15.0
411,1.5240665408053786,0.0,18.1,0,0.597,6.657,100.0,1.5275,24,666,0.8339166373605564,35.05,4.41391561303856,17.2
412,1.6391153912447467,0.0,18.1,0,0.597,4.628,100.0,1.5539,24,666,0.8339166373605564,28.79,5.436082769295268,17.9
413,1.8074174106262495,0.0,18.1,0,0.597,5.155,100.0,1.5894,24,666,0.8339166373605564,210.97,4.303874195355583,16.3
414,2.0041999958894796,0.0,18.1,0,0.693,4.519,100.0,1.6582,24,666,0.8339166373605564,88.27,5.601274009048514,7.0
415,1.6235536098343983,0.0,18.1,0,0.679,6.434,100.0,1.8347,24,666,0.8339166373605564,27.25,5.066817904953556,7.2
416,1.4215344062672695,0.0,18.1,0,0.679,6.782,90.8,1.8195,24,666,0.8339166373605564,21.57,4.813861572591745,7.5
417,1.7671516846793152,0.0,18.1,0,0.679,5.303999999999999,89.1,1.6475,24,666,0.8339166373605564,127.36,4.882094573577704,10.4
418,2.2393499677482547,0.0,18.1,0,0.679,5.9570000000000025,100.0,1.8026,24,666,0.8339166373605564,16.45,4.356584443316597,8.8
419,1.4556686623598376,0.0,18.1,0,0.718,6.824,76.5,1.794,24,666,0.8339166373605564,48.45,4.553746948890602,8.4
420,1.430663670033744,0.0,18.1,0,0.718,6.4110000000000005,100.0,1.8589,24,666,0.8339166373605564,318.75,3.7475146929849754,16.7
421,1.248965679100599,0.0,18.1,0,0.718,6.006,95.3,1.8746,24,666,0.8339166373605564,319.98,3.830002061662544,14.2
422,1.4634699239054192,0.0,18.1,0,0.614,5.648,87.6,1.9512,24,666,0.8339166373605564,291.55,3.6311943763592582,20.8
423,1.2505530138115606,0.0,18.1,0,0.614,6.103,85.1,2.0218,24,666,0.8339166373605564,2.52,4.6025657951434,13.4
424,1.3387393925450979,0.0,18.1,0,0.584,5.565,70.6,2.0635,24,666,0.8339166373605564,3.65,3.9981895079426697,11.7
425,1.5717883072033028,0.0,18.1,0,0.679,5.896,95.4,1.9096,24,666,0.8339166373605564,7.68,4.697592264003224,8.3
426,1.4699311720761996,0.0,18.1,0,0.584,5.8370000000000015,59.7,1.9976,24,666,0.8339166373605564,24.65,3.828809188961729,10.2
427,1.9205029719230826,0.0,18.1,0,0.679,6.202000000000001,78.7,1.8629,24,666,0.8339166373605564,18.82,3.6850025177050756,10.9
428,1.2681684746005077,0.0,18.1,0,0.679,6.193,78.1,1.9356,24,666,0.8339166373605564,96.73,4.442112923787356,11.0
429,1.3627109378153377,0.0,18.1,0,0.679,6.38,95.6,1.9682,24,666,0.8339166373605564,60.72,4.671152737882052,9.5
430,1.324922722548732,0.0,18.1,0,0.584,6.348,86.1,2.0527,24,666,0.8339166373605564,83.45,4.051066589260256,14.5
431,1.3922911614312492,0.0,18.1,0,0.584,6.8329999999999975,94.3,2.0882,24,666,0.8339166373605564,81.33,4.26512075202203,14.1
432,1.2143892277489376,0.0,18.1,0,0.584,6.425,74.8,2.2004,24,666,0.8339166373605564,97.95,3.346291054735968,16.1
433,1.15624401516999,0.0,18.1,0,0.713,6.436,87.9,2.3158,24,666,0.8339166373605564,100.19,3.8912382830413845,14.3
434,1.5201985975690748,0.0,18.1,0,0.713,6.2079999999999975,95.0,2.2222,24,666,0.8339166373605564,100.63,3.7659546670000736,11.7
435,1.433256173861909,0.0,18.1,0,0.74,6.629,94.6,2.1247,24,666,0.8339166373605564,109.85,4.600806247001531,13.4
436,1.5343070890302952,0.0,18.1,0,0.74,6.461,93.3,2.0026,24,666,0.8339166373605564,27.49,4.095359580497498,9.6
437,1.5544436146844416,0.0,18.1,0,0.74,6.152,100.0,1.9142,24,666,0.8339166373605564,9.32,4.866989983627904,8.7
438,1.5134798797410494,0.0,18.1,0,0.74,5.935,87.9,1.8206,24,666,0.8339166373605564,68.95,5.413200733634689,8.4
439,1.3649037773597903,0.0,18.1,0,0.74,5.6270000000000024,93.9,1.8172,24,666,0.8339166373605564,396.9,4.566259339863007,12.8
440,1.7021434232753787,0.0,18.1,0,0.74,5.818,92.4,1.8662,24,666,0.8339166373605564,391.45,4.496693694523684,10.5
441,1.3787478844039582,0.0,18.1,0,0.74,6.4060000000000015,97.2,2.0651,24,666,0.8339166373605564,385.96,4.248042519067302,17.1
442,1.1623981847063942,0.0,18.1,0,0.74,6.218999999999999,100.0,2.0048,24,666,0.8339166373605564,395.69,3.9338932910717768,18.4
443,1.3885036295680546,0.0,18.1,0,0.74,6.485,100.0,1.9784,24,666,0.8339166373605564,386.73,4.179594632745735,15.4
444,1.487407066172745,0.0,18.1,0,0.74,5.854,96.6,1.8956,24,666,0.8339166373605564,240.52,4.646179950584525,10.8
445,1.4155633381696222,0.0,18.1,0,0.74,6.459,94.8,1.9879,24,666,0.8339166373605564,43.06,4.662567796945601,11.8
446,1.2045091363225713,0.0,18.1,0,0.74,6.341,96.4,2.072,24,666,0.8339166373605564,318.01,4.067362673416435,14.9
447,1.3868429831717575,0.0,18.1,0,0.74,6.251,96.6,2.198,24,666,0.8339166373605564,388.52,3.9166901510804637,12.6
448,1.3622941828849318,0.0,18.1,0,0.713,6.185,98.7,2.2616,24,666,0.8339166373605564,396.9,4.103911338022013,14.1
449,1.2767116449534812,0.0,18.1,0,0.713,6.4170000000000025,98.3,2.185,24,666,0.8339166373605564,304.21,4.226786571871168,13.0
450,1.2311333393861963,0.0,18.1,0,0.713,6.749,92.6,2.3236,24,666,0.8339166373605564,0.32,4.029171184754648,13.4
451,1.1459309053720532,0.0,18.1,0,0.713,6.655,98.2,2.3552,24,666,0.8339166373605564,355.29,4.060857020229206,15.2
452,1.1187833570680017,0.0,18.1,0,0.713,6.2970000000000015,91.8,2.3682,24,666,0.8339166373605564,385.09,4.010407109593764,16.1
453,1.3133042917904498,0.0,18.1,0,0.713,7.393,99.3,2.4527,24,666,0.8339166373605564,375.87,3.9509767312056057,17.8
454,1.3700671005403273,0.0,18.1,0,0.713,6.728,94.1,2.4961,24,666,0.8339166373605564,6.68,4.165055445928611,14.9
455,1.090722824119522,0.0,18.1,0,0.713,6.525,86.5,2.4358,24,666,0.8339166373605564,50.92,4.103911338022013,14.1
456,1.083458288585897,0.0,18.1,0,0.713,5.976,87.9,2.5806,24,666,0.8339166373605564,10.48,4.1961090925773075,12.7
457,1.3110009346295244,0.0,18.1,0,0.713,5.936,80.3,2.7792,24,666,0.8339166373605564,3.5,3.9735717190651285,13.5
458,1.2885553184850367,0.0,18.1,0,0.713,6.301,83.7,2.7831,24,666,0.8339166373605564,272.21,3.8924009514982285,14.9
459,1.2360973048885673,0.0,18.1,0,0.713,6.081,84.4,2.7175,24,666,0.8339166373605564,396.9,3.7076956980103826,20.0
460,1.0958372557857667,0.0,18.1,0,0.713,6.7010000000000005,90.0,2.5975,24,666,0.8339166373605564,255.23,3.914387251300261,16.4
461,0.9867330840007343,0.0,18.1,0,0.713,6.376,88.4,2.5671,24,666,0.8339166373605564,391.43,3.701413659293612,17.7
462,1.2273549819522858,0.0,18.1,0,0.713,6.317,83.0,2.7344,24,666,0.8339166373605564,396.9,3.6168975227911857,19.5
463,1.173320381055807,0.0,18.1,0,0.713,6.513,89.9,2.8016,24,666,0.8339166373605564,393.82,3.0758252942741215,20.2
464,1.293019212036087,0.0,18.1,0,0.655,6.209,65.4,2.9634,24,666,0.8339166373605564,396.9,3.5143108208238836,21.4
465,0.9221449088288227,0.0,18.1,0,0.655,5.7589999999999995,48.2,3.0665,24,666,0.8339166373605564,334.4,3.635078564642248,19.9
466,0.9958355441140513,0.0,18.1,0,0.655,5.952000000000001,84.7,2.8715,24,666,0.8339166373605564,22.01,3.997075820781352,19.0
467,1.0611903541338774,0.0,18.1,0,0.584,6.002999999999999,94.5,2.5403,24,666,0.8339166373605564,331.29,4.42334872882577,19.1
468,1.5646538603197673,0.0,18.1,0,0.58,5.926,71.0,2.9084,24,666,0.8339166373605564,368.74,4.103911338022013,19.1
469,1.4957165043718674,0.0,18.1,0,0.58,5.712999999999999,56.7,2.8237,24,666,0.8339166373605564,396.9,3.715212400832806,20.1
470,1.0542983698159867,0.0,18.1,0,0.58,6.1670000000000025,84.0,3.0334,24,666,0.8339166373605564,396.9,3.899365368795499,19.9
471,1.0237655779244297,0.0,18.1,0,0.532,6.229,90.7,3.0993,24,666,0.8339166373605564,395.33,3.466148927237916,19.6
472,0.9724810578371782,0.0,18.1,0,0.58,6.437,75.0,2.8965,24,666,0.8339166373605564,393.37,3.664647691496281,23.2
473,1.081527649284596,0.0,18.1,0,0.614,6.98,67.6,2.5329,24,666,0.8339166373605564,374.68,3.2914372087251444,29.8
474,1.3038948305136362,0.0,18.1,0,0.584,5.4270000000000005,95.4,2.4298,24,666,0.8339166373605564,352.58,4.104978257591374,13.8
475,1.2111910380688358,0.0,18.1,0,0.584,6.162000000000001,97.4,2.206,24,666,0.8339166373605564,302.76,4.672866421104957,13.3
476,1.1008448120034797,0.0,18.1,0,0.614,6.484,93.6,2.3053,24,666,0.8339166373605564,396.21,4.161928982066223,16.7
477,1.5504315229385417,0.0,18.1,0,0.614,5.303999999999999,97.3,2.1007,24,666,0.8339166373605564,349.48,4.741365426067737,12.0
478,1.3989517581150297,0.0,18.1,0,0.614,6.185,96.7,2.1705,24,666,0.8339166373605564,379.7,4.093217068893213,14.6
479,1.5319209356431884,0.0,18.1,0,0.614,6.229,88.0,1.9512,24,666,0.8339166373605564,383.32,3.4992814397758725,21.4
480,1.173519316083238,0.0,18.1,0,0.532,6.242000000000001,64.7,3.4242,24,666,0.8339166373605564,396.9,3.148970086948274,23.0
481,1.165379179215379,0.0,18.1,0,0.532,6.75,74.9,3.3317,24,666,0.8339166373605564,393.07,2.6069229928891393,23.7
482,1.1670078601272569,0.0,18.1,0,0.532,7.061,77.0,3.4106,24,666,0.8339166373605564,395.28,2.4508054912194526,25.0
483,0.873522118462933,0.0,18.1,0,0.532,5.7620000000000005,40.3,4.0983,24,666,0.8339166373605564,392.92,3.097205664463054,21.8
484,0.8014930175846947,0.0,18.1,0,0.583,5.871,41.9,3.7239999999999998,24,666,0.8339166373605564,370.73,3.530596769563445,20.6
485,0.9845402959390183,0.0,18.1,0,0.583,6.312,51.9,3.9917,24,666,0.8339166373605564,388.62,3.123239013074438,21.2
486,1.1642104900710486,0.0,18.1,0,0.583,6.114,79.8,3.5459,24,666,0.8339166373605564,392.68,3.7425733600100832,19.1
487,1.097833499749904,0.0,18.1,0,0.583,5.905,53.2,3.1523,24,666,0.8339166373605564,388.22,3.2597034262683446,20.6
488,-0.480933234852322,0.0,27.74,0,0.609,5.454,92.7,1.8209,4,711,0.763410225319547,395.09,4.096430148896076,15.2
489,-0.3833425107493568,0.0,27.74,0,0.609,5.414,98.3,1.7554,4,711,0.763410225319547,344.05,4.661707783228638,7.0
490,-0.32213774628716485,0.0,27.74,0,0.609,5.093,98.0,1.8226,4,711,0.763410225319547,318.43,5.113146136449557,8.1
491,-0.6611983196461365,0.0,27.74,0,0.609,5.983,98.8,1.8681,4,711,0.763410225319547,390.11,4.097500259625116,13.6
492,-0.6349098669745089,0.0,27.74,0,0.609,5.983,83.5,2.1099,4,711,0.763410225319547,396.9,3.531948818115943,20.1
493,-0.41145533695066694,0.0,9.69,0,0.585,5.7070000000000025,54.0,2.3817,6,391,0.18798563778556404,396.9,3.343359536528752,21.8
494,-0.17590049959469192,0.0,9.69,0,0.585,5.926,42.6,2.3817,6,391,0.18798563778556404,396.9,3.5641657807962606,24.5
495,-0.3953777043645025,0.0,9.69,0,0.585,5.67,28.8,2.7986,6,391,0.18798563778556404,393.29,4.046702901159813,23.1
496,-0.15878012299801922,0.0,9.69,0,0.585,5.39,72.9,2.7986,6,391,0.18798563778556404,396.9,4.406344372378963,19.7
497,-0.1957834054799228,0.0,9.69,0,0.585,5.794,70.6,2.8927,6,391,0.18798563778556404,396.9,3.6311943763592582,18.3
498,-0.2522159540945871,0.0,9.69,0,0.585,6.019,65.3,2.4091,6,391,0.18798563778556404,396.9,3.4730906422291947,21.2
499,-0.39861708872553586,0.0,9.69,0,0.585,5.569,73.5,2.3999,6,391,0.18798563778556404,395.77,3.7573669517275694,17.5
500,-0.28347233303905034,0.0,9.69,0,0.585,6.027,79.7,2.4982,6,391,0.18798563778556404,396.9,3.6608116839578653,16.8
501,-0.9327584225676802,0.0,11.93,0,0.573,6.593,69.1,2.4786,1,273,1.4512461652389805,391.99,2.9708889090275314,22.4
502,-1.1045009043633969,0.0,11.93,0,0.573,6.12,76.7,2.2875,1,273,1.4512461652389805,396.9,2.866088687547785,20.6
503,-0.9486865010672082,0.0,11.93,0,0.573,6.976,91.0,2.1675,1,273,1.4512461652389805,396.9,2.1202206169713387,23.9
504,-0.6429093856329146,0.0,11.93,0,0.573,6.794,89.3,2.3889,1,273,1.4512461652389805,393.45,2.329393394672006,22.0
505,-1.079905100683013,0.0,11.93,0,0.573,6.03,80.8,2.505,1,273,1.4512461652389805,396.9,2.6355517001193722,11.9
